id;folder_id;url;private;type;title;alt
102ac62ba27347a688030a05c1790db7;4234c3c047e44effbb37101db5e94c80;https://cosmetionery.com/media/f9/0d/df/1608711712/shirt_600x600.jpg;0;"{""name"":""IMAGE"",""flags"":[],""extensions"":[]}";;
2de02991cd0548a4ac6cc35cb11773a0;4234c3c047e44effbb37101db5e94c80;https://cosmetionery.com/media/4c/81/b7/1608711712/handschuh_600x600.jpg;0;"{""name"":""IMAGE"",""flags"":[],""extensions"":[]}";;
5808d194947f415495d9782d8fdc92ae;4234c3c047e44effbb37101db5e94c80;https://cosmetionery.com/media/2f/b0/e2/1608711712/hemd_600x600.jpg;0;"{""name"":""IMAGE"",""flags"":[],""extensions"":[]}";;
6968ad64888844679918c638e449ffc5;4234c3c047e44effbb37101db5e94c80;https://cosmetionery.com/media/11/34/dd/1608711713/schokolade_600x600.jpg;0;"{""name"":""IMAGE"",""flags"":[],""extensions"":[]}";;
6cbbdc03b43f4207be80b5f752d5a1c4;4234c3c047e44effbb37101db5e94c80;https://cosmetionery.com/media/1d/01/7b/1608711713/shirt_blue_600x600.jpg;0;"{""name"":""IMAGE"",""flags"":[],""extensions"":[]}";;
70e352200b5c45098dc65a5b47094a2a;4234c3c047e44effbb37101db5e94c80;https://cosmetionery.com/media/3a/ee/ba/1608711713/mobile_600x600.jpg;0;"{""name"":""IMAGE"",""flags"":[],""extensions"":[]}";;
84356a71233d4b3e9f417dcc8850c82f;4234c3c047e44effbb37101db5e94c80;https://cosmetionery.com/media/63/80/61/1608711713/waschmaschine_600x600.jpg;0;"{""name"":""IMAGE"",""flags"":[],""extensions"":[]}";;
f69ab8ae42d04e17b2bab5ec2ff0a93c;4234c3c047e44effbb37101db5e94c80;https://cosmetionery.com/media/05/23/ee/1608711713/shirt_red_600x600.jpg;0;"{""name"":""IMAGE"",""flags"":[],""extensions"":[]}";;
de4b7dbe9d95435092cb85ce146ced28;953458b777a843329b47529f251e4676;https://cosmetionery.com/media/a8/56/1c/1608711713/hq_1280x1280.jpg;0;"{""name"":""IMAGE"",""flags"":[],""extensions"":[]}";;
b9a21678b6614eb6b2b16ccc23851609;7a0e30be64f949349a337725de438580;https://cosmetionery.com/media/bc/07/6d/1609739572/defaultThemePreview.jpg;0;"{""name"":""IMAGE"",""flags"":[],""extensions"":[]}";;
d3e906e6f89742cc8c829bd48769f86a;7a0e30be64f949349a337725de438580;https://cosmetionery.com/media/95/40/94/1609739572/demostore-logo.png;0;"{""name"":""IMAGE"",""flags"":[""transparent""],""extensions"":[]}";;
afb1084ae9294451b28b344ebb2b6d2c;7a0e30be64f949349a337725de438580;https://cosmetionery.com/media/70/31/3c/1609739572/favicon.png;0;"{""name"":""IMAGE"",""flags"":[""transparent""],""extensions"":[]}";;
32e54280c6ef47a8bd1991775581fb4c;553633cdeb3247a2b4065f0f6ad08ac0;;0;;Haydi-okuyalim;
1690e7d779e64687b3b30b2cffd0de8d;553633cdeb3247a2b4065f0f6ad08ac0;;0;;Dil-ve-yazim;
67b024f0f6954205accc6abf82193bc5;553633cdeb3247a2b4065f0f6ad08ac0;;0;;A309;
c215e9c2fe414dc6ba9c292739323137;553633cdeb3247a2b4065f0f6ad08ac0;;0;;A302;
737a96c76c904316959f36819a3abe8b;553633cdeb3247a2b4065f0f6ad08ac0;;0;;A406;
b4df131424684be399362815d10534bf;553633cdeb3247a2b4065f0f6ad08ac0;;0;;A407;
b0b7e2b9d87b4eadaa0cd9dbcaf522d4;553633cdeb3247a2b4065f0f6ad08ac0;;0;;A008;
fc7e8804ca1f4a62ab472fecda824b1f;553633cdeb3247a2b4065f0f6ad08ac0;;0;;0501;
87b533c053c14f408f1537976a0926d0;553633cdeb3247a2b4065f0f6ad08ac0;;0;;A641;
a5ca0af9b7474e65a049292a2fb79c16;553633cdeb3247a2b4065f0f6ad08ac0;;0;;A630;
eeb52fc1ffbd47c7aabba01b6e2de32d;553633cdeb3247a2b4065f0f6ad08ac0;;0;;A938;
1d348cb24c564f28bff1664589c82e8e;553633cdeb3247a2b4065f0f6ad08ac0;;0;;A730;
130698f6d3e34303a0069476ad85bc4c;553633cdeb3247a2b4065f0f6ad08ac0;;0;;A943;
558581846c3747a697f9fef9f412fc29;553633cdeb3247a2b4065f0f6ad08ac0;;0;;maus-hause-franz;
a43fb126c54e4470b7ac320e66e85b36;553633cdeb3247a2b4065f0f6ad08ac0;;0;;maus-hause-franz-ic;
33ff7e3e2af144d2bc3af4e26a613a92;553633cdeb3247a2b4065f0f6ad08ac0;;0;;1180;
b0f17e1a53024557a36d6daf15bbd75e;553633cdeb3247a2b4065f0f6ad08ac0;;0;;A062;
0db5915a7d6045b487e6417fa7c29a61;553633cdeb3247a2b4065f0f6ad08ac0;;0;;9094;
5ef4a851cca44dd0b39ca313ad801ad2;553633cdeb3247a2b4065f0f6ad08ac0;;0;;TKA7;
548f804b8fc44191afdb197378090a15;553633cdeb3247a2b4065f0f6ad08ac0;;0;;TKA9;
f965d6db5b4f4a3fbaf18cb8dca0fe4b;553633cdeb3247a2b4065f0f6ad08ac0;;0;;TKA12;
cf42292c16614cdbb27c99f246bcfe30;553633cdeb3247a2b4065f0f6ad08ac0;;0;;TKA13;
180057ed57964f98b20daf5ac7a06f96;553633cdeb3247a2b4065f0f6ad08ac0;;0;;TKA14;
f4ff52b52aff436387711ab60242b256;553633cdeb3247a2b4065f0f6ad08ac0;;0;;TKA15;
8fef2d3fa15441e3a6bae3d817970227;553633cdeb3247a2b4065f0f6ad08ac0;;0;;TKA21;
924c9e5cdf384977821145489a1b2f45;553633cdeb3247a2b4065f0f6ad08ac0;;0;;TKA22;
ec3cc21ab59344f8b421828cb272b739;553633cdeb3247a2b4065f0f6ad08ac0;;0;;TKA23;
b92118ed79224ef48275a0ccc8e89b81;553633cdeb3247a2b4065f0f6ad08ac0;;0;;TKA26;
2ad9cc53268e4f209103c4a3f40f9de0;553633cdeb3247a2b4065f0f6ad08ac0;;0;;TKA28;
00b30b195a72451fa0acb66ea8b2ae86;553633cdeb3247a2b4065f0f6ad08ac0;;0;;TKA29;
2ba6c8b6e1b94ab2aa548b66a7c2a0f0;553633cdeb3247a2b4065f0f6ad08ac0;;0;;TKA32;
4f4b865121a84435873f67a415d2382e;553633cdeb3247a2b4065f0f6ad08ac0;;0;;TKA35563879767836f;
1c13d17e76374af5a7640089e8b31eba;553633cdeb3247a2b4065f0f6ad08ac0;;0;;TKA36;
0f3a64eddfa742de87c8cc0909d99ece;553633cdeb3247a2b4065f0f6ad08ac0;;0;;TKA37;
b6895161fddc493abb8498122505c634;553633cdeb3247a2b4065f0f6ad08ac0;;0;;TKA40;
c5223a231fb7407f9eacecdb754d2527;553633cdeb3247a2b4065f0f6ad08ac0;;0;;TKA46;
d6d6f9ab1f204e56b5e28fcb5af27473;553633cdeb3247a2b4065f0f6ad08ac0;;0;;TKA49;
0308a8edf3634115a884c3f4e2664a31;553633cdeb3247a2b4065f0f6ad08ac0;;0;;TKA50;
34cfe7c6adcf4e42b9101514e6010bf7;553633cdeb3247a2b4065f0f6ad08ac0;;0;;TKA51;
2dace3184425449b8862d089c22300eb;553633cdeb3247a2b4065f0f6ad08ac0;;0;;TKA53;
afe2686c5ba5492dbc8a75bf6fb8094e;553633cdeb3247a2b4065f0f6ad08ac0;;0;;TKA54;
4a24c72cf1f040e6bbea2e7e1e4709c1;553633cdeb3247a2b4065f0f6ad08ac0;;0;;TKA55;
3569b91c6ebd433b8950abc7782e5efc;553633cdeb3247a2b4065f0f6ad08ac0;;0;;TKA56;
7f7334e25e6f4d159abb5cd4715e25d9;553633cdeb3247a2b4065f0f6ad08ac0;;0;;TKA62;
ff7dcfa21b2045449ee904246c2b14d4;553633cdeb3247a2b4065f0f6ad08ac0;;0;;TKA64;
43fb3fa70fd044a985f7a059fd4d093c;553633cdeb3247a2b4065f0f6ad08ac0;;0;;KA01;
45fdf64e75dc4c03ad5e9abd7d36374d;553633cdeb3247a2b4065f0f6ad08ac0;;0;;KA02;
530a8e8b54634abda255f3e932b75408;553633cdeb3247a2b4065f0f6ad08ac0;;0;;KA03;
cad756f934d54566a5f63b15a629cca1;553633cdeb3247a2b4065f0f6ad08ac0;;0;;KA04;
45fb12ab91954a1e8bc6a4675e426006;553633cdeb3247a2b4065f0f6ad08ac0;;0;;KA05;
f11e7cceed5a4e1da7080ad4f239b909;553633cdeb3247a2b4065f0f6ad08ac0;;0;;KA06;
935889cc565d43708589ba42b57f7fc7;553633cdeb3247a2b4065f0f6ad08ac0;;0;;KA07;
bf28f2c5b11d45399191811cd1991288;553633cdeb3247a2b4065f0f6ad08ac0;;0;;KA08;
fc0aee73b62644199e675830e3d0ea14;553633cdeb3247a2b4065f0f6ad08ac0;;0;;KA09;
c17fb522688f4a7faf2be7748c108ce2;553633cdeb3247a2b4065f0f6ad08ac0;;0;;KA10;
0a00510744bb49af86592c3bcb8364b9;553633cdeb3247a2b4065f0f6ad08ac0;;0;;KA11;
eaa74e5060a0424790e9444e69e9f5fd;553633cdeb3247a2b4065f0f6ad08ac0;;0;;KA12;
e6371f7bd2be43f9b3d08b81b6978802;553633cdeb3247a2b4065f0f6ad08ac0;;0;;A133D;
77e758a458b442dfb64cf7e15db3ce33;553633cdeb3247a2b4065f0f6ad08ac0;;0;;KA13;
1b4f5c7111744ccd9fbd9c9a9d992143;553633cdeb3247a2b4065f0f6ad08ac0;;0;;KA14;
02d506a233124becbd3a2a082c622ccf;553633cdeb3247a2b4065f0f6ad08ac0;;0;;KA17;
38e910a26ccb408697293923707badc2;553633cdeb3247a2b4065f0f6ad08ac0;;0;;KA18;
a71a4b69a905474783f3f9c123d11bcb;553633cdeb3247a2b4065f0f6ad08ac0;;0;;KA21;
42155c59b2634a81b0f3cf6a39381abe;553633cdeb3247a2b4065f0f6ad08ac0;;0;;KA23;
ea41325811f7451497fdb55facd7a9d2;553633cdeb3247a2b4065f0f6ad08ac0;;0;;KA24;
13e7822cfbb744a5a0643e687ca29618;553633cdeb3247a2b4065f0f6ad08ac0;;0;;KA26;
5743612c0c174a819a7d5a9e398179e0;553633cdeb3247a2b4065f0f6ad08ac0;;0;;KA27;
75fed632fe59422790d459bfbde8bbed;553633cdeb3247a2b4065f0f6ad08ac0;;0;;KA28;
6a98b75c6ebb42dab21efe1f3d6ea52c;553633cdeb3247a2b4065f0f6ad08ac0;;0;;A3481;
dc56d33bd304478c82e49039648c59e7;553633cdeb3247a2b4065f0f6ad08ac0;;0;;A3574;
f497a7e7e5224eb0bd7d06ddc6c01ca7;553633cdeb3247a2b4065f0f6ad08ac0;;0;;A194D;
424097a27c124396b23734780eccfa19;553633cdeb3247a2b4065f0f6ad08ac0;;0;;A2668;
ebca6ca75aeb4490bfd784d3df135aa5;553633cdeb3247a2b4065f0f6ad08ac0;;0;;A3192;
ad725808cf0d4b0ca7dc2687b55fbfea;553633cdeb3247a2b4065f0f6ad08ac0;;0;;A2315;
fa5c81367d6c45d7a724a4780b4ef424;553633cdeb3247a2b4065f0f6ad08ac0;;0;;A2285;
ea039cfe9d90459a937165e76c6efe3b;553633cdeb3247a2b4065f0f6ad08ac0;;0;;A2021;
1b6cf07e3fbb4dbeab6e5e39ba647dc2;553633cdeb3247a2b4065f0f6ad08ac0;;0;;A2013;
0a83e1bc35204f3e8383e9c14392f3a8;553633cdeb3247a2b4065f0f6ad08ac0;;0;;FA100;
e3edb7d195ac452fa87dc3fa70c12e93;553633cdeb3247a2b4065f0f6ad08ac0;;0;;Okuma-Kitabi-1-Tonton;
eb6f86b4b6f04edb9ac046e08ead7326;553633cdeb3247a2b4065f0f6ad08ac0;;0;;Harf-Treni;
5b31c3cce34e46b3ac6d4b097e360bb7;553633cdeb3247a2b4065f0f6ad08ac0;;0;;A203;
dbe5c55df4d84cc8acbb1da8276ecd85;553633cdeb3247a2b4065f0f6ad08ac0;;0;;A402;
743b7d6ff80745caa4493ffe0b6956d8;553633cdeb3247a2b4065f0f6ad08ac0;;0;;A409;
14d9bdd72a664a8996e2c45fd8296c79;553633cdeb3247a2b4065f0f6ad08ac0;;0;;A536;
50a06220343f442d949e539c9f84e0b0;553633cdeb3247a2b4065f0f6ad08ac0;;0;;A537;
dd61ff962f614c2387a11e9df5d0daa1;553633cdeb3247a2b4065f0f6ad08ac0;;0;;A503;
36f3d67217d14f50a6e43b3e3d75aa30;553633cdeb3247a2b4065f0f6ad08ac0;;0;;A512;
e9327cf7c3e34c02bc4ee6b15f62e01d;553633cdeb3247a2b4065f0f6ad08ac0;;0;;A530;
1627f60671e94c1389412fe3241957ec;553633cdeb3247a2b4065f0f6ad08ac0;;0;;A535;
652228e51f9d4760aed95a19b1a77a77;553633cdeb3247a2b4065f0f6ad08ac0;;0;;A525;
54acea99014a407f8972da74be49313c;553633cdeb3247a2b4065f0f6ad08ac0;;0;;A603;
369fdcf986cb488587f720025a7dd18e;553633cdeb3247a2b4065f0f6ad08ac0;;0;;A640;
1501e48f3e434b23820b034135271e6b;553633cdeb3247a2b4065f0f6ad08ac0;;0;;A635;
eb21e06ad1fa426ab1fb8254d5d3902e;553633cdeb3247a2b4065f0f6ad08ac0;;0;;0701;
ab088a85e12642adb62775f2942ab7c9;553633cdeb3247a2b4065f0f6ad08ac0;;0;;A703;
4420c4340f9c4b6ba3614ca6b791e804;553633cdeb3247a2b4065f0f6ad08ac0;;0;;A913;
3e833478b20043819f50c88876b025f2;553633cdeb3247a2b4065f0f6ad08ac0;;0;;mouse-at-home;
58eba13c5aaf4ca4b9751bbfb0e83a6a;553633cdeb3247a2b4065f0f6ad08ac0;;0;;mouse-at-home-ic;
e7b53de3d3924fd48cc9c262efae1abf;553633cdeb3247a2b4065f0f6ad08ac0;;0;;my-scrapbook;
ff2112eedf214eeea07e0fa265f5bc13;553633cdeb3247a2b4065f0f6ad08ac0;;0;;my-scrapbook-ic;
351470687d94424f9ee0590422e2029a;553633cdeb3247a2b4065f0f6ad08ac0;;0;;elmar-rose;
28d443d153e44a23ace656b768b5c5c4;553633cdeb3247a2b4065f0f6ad08ac0;;0;;elmar-rose-ic;
6a92752856074eef91259ddbcea395f7;553633cdeb3247a2b4065f0f6ad08ac0;;0;;maus-kindergarten-franz;
7ee161852c494344b2f77ad541aa2eea;553633cdeb3247a2b4065f0f6ad08ac0;;0;;maus-kindergarten-franz-ic;
298ee7e1a6114831b90328718a7c1bd3;553633cdeb3247a2b4065f0f6ad08ac0;;0;;elmar-schnee-franz;
40e4e90bf2b848d3ae959b4bad27be20;553633cdeb3247a2b4065f0f6ad08ac0;;0;;elmar-schnee-franz-ic;
f4d5245d25724f4497efd0b8966bf35f;553633cdeb3247a2b4065f0f6ad08ac0;;0;;elmar-rosa-franz;
97280a1ab1594454a9e2da9ec50b2ba7;553633cdeb3247a2b4065f0f6ad08ac0;;0;;elmar-rosa-franz-ic;
83c911db5dad4e1682160db592cc863e;553633cdeb3247a2b4065f0f6ad08ac0;;0;;A2374;
d3aebeda92c84e21b09f925fa250fe9c;553633cdeb3247a2b4065f0f6ad08ac0;;0;;3098;
8d22a115fdb647948c4172ca7f58a339;553633cdeb3247a2b4065f0f6ad08ac0;;0;;TKA4;
1cae57b0dd544484924089995c4c1819;553633cdeb3247a2b4065f0f6ad08ac0;;0;;TKA5;
d452034da011444d99a478bb0286bb03;553633cdeb3247a2b4065f0f6ad08ac0;;0;;TKA6;
e62e31abcc284b4b8d4d3197e7d45a66;553633cdeb3247a2b4065f0f6ad08ac0;;0;;TKA8;
2d38be7dfbd14d92a9a5da6aea045c53;553633cdeb3247a2b4065f0f6ad08ac0;;0;;TKA16;
5229e485720c4e51aa6a93f5a5cfff3c;553633cdeb3247a2b4065f0f6ad08ac0;;0;;TKA17;
bbe47c31f2a64216b8ce47adac2bb0b1;553633cdeb3247a2b4065f0f6ad08ac0;;0;;TKA18;
095390df767b4f7091faa11540a4bbd7;553633cdeb3247a2b4065f0f6ad08ac0;;0;;TKA19;
9948260454dc41098dcb588f212987c9;553633cdeb3247a2b4065f0f6ad08ac0;;0;;TKA20;
3f99e15bcc4a4726a946a28fb9666919;553633cdeb3247a2b4065f0f6ad08ac0;;0;;TKA24;
308a7eaea7214dcaacb18e689c6aeb8f;553633cdeb3247a2b4065f0f6ad08ac0;;0;;TKA25;
4783eb1941024dc7a6897ccc4e72f707;553633cdeb3247a2b4065f0f6ad08ac0;;0;;TKA27;
a4ea8de76c4a497b9f88fe8a9e1492fa;553633cdeb3247a2b4065f0f6ad08ac0;;0;;TKA30;
832b1f1d7e6443fc84b938ac0604b849;553633cdeb3247a2b4065f0f6ad08ac0;;0;;TKA31;
d2f033669247437f8cc7d29bcb8daf87;553633cdeb3247a2b4065f0f6ad08ac0;;0;;TKA33;
a53e35019f4d49b1ba1edd62ddaf33b0;553633cdeb3247a2b4065f0f6ad08ac0;;0;;TKA42;
f54b0e3f91a442e8ae7d8390faa135d9;553633cdeb3247a2b4065f0f6ad08ac0;;0;;TKA43;
102eb3ca995341f2b5b9a3e36d8bd451;553633cdeb3247a2b4065f0f6ad08ac0;;0;;TKA44;
8107deeae427450695173d92a30bdabd;553633cdeb3247a2b4065f0f6ad08ac0;;0;;TKA45;
38fe20c3cab9438081e50b91d3489bac;553633cdeb3247a2b4065f0f6ad08ac0;;0;;TKA47;
d6d0b53ba5f34ebd949ed183f3b42136;553633cdeb3247a2b4065f0f6ad08ac0;;0;;TKA48;
092779f35f774f1bbfe2e8df9204b9b6;553633cdeb3247a2b4065f0f6ad08ac0;;0;;TKA52;
a55d68390178471da8b52105a91b9a77;553633cdeb3247a2b4065f0f6ad08ac0;;0;;TKA58;
d61ad33fecec4184800adbe4aafb4f76;553633cdeb3247a2b4065f0f6ad08ac0;;0;;TKA59;
f3dba208bc154a339329b564744ffd5d;553633cdeb3247a2b4065f0f6ad08ac0;;0;;TKA63563889ff9aea6;
f71687b68e69479aa9d5d95da11de7d9;553633cdeb3247a2b4065f0f6ad08ac0;;0;;TKA65;
17b4472d90af4d168f9a85cda5cddb06;553633cdeb3247a2b4065f0f6ad08ac0;;0;;KA22;
dde619a7881345fe85734e6024c0d950;553633cdeb3247a2b4065f0f6ad08ac0;;0;;Ka25;
8679e6d98d2e42c5a2083ee45cabf826;553633cdeb3247a2b4065f0f6ad08ac0;;0;;KA29;
382c63804d79457a8ac0b963db91814a;553633cdeb3247a2b4065f0f6ad08ac0;;0;;A2390;
306495948c084fc5b21f3e925e3b8c6b;553633cdeb3247a2b4065f0f6ad08ac0;;0;;A2404;
9a618b84f38541aca4032e27f01a8e12;553633cdeb3247a2b4065f0f6ad08ac0;;0;;A3550;
bbe7ed93d4464740910e1c5a304ad7c5;553633cdeb3247a2b4065f0f6ad08ac0;;0;;A2676;
8beaeede1b294bb3b5d8b25d7be26185;553633cdeb3247a2b4065f0f6ad08ac0;;0;;A2625;
f3027dc0dafd47eca06056f202f5006e;553633cdeb3247a2b4065f0f6ad08ac0;;0;;A3210;
9fc3eb7ef1084f5f9b33d351c594bdf6;553633cdeb3247a2b4065f0f6ad08ac0;;0;;A2381;
4fafff0897674e1a8a6eaf2d17394a83;553633cdeb3247a2b4065f0f6ad08ac0;;0;;A2323;
09b4c71062924a9dabec78d23b35a167;553633cdeb3247a2b4065f0f6ad08ac0;;0;;A203X;
b8e88ccfc3fd444a9d0eb21c78805bcf;553633cdeb3247a2b4065f0f6ad08ac0;;0;;A2056;
b8066c9663754e0b9d4a8cac40aa3f56;553633cdeb3247a2b4065f0f6ad08ac0;;0;;A3482;
f5de5c7b607c40c9a11b455f9383e9c9;553633cdeb3247a2b4065f0f6ad08ac0;;0;;A3468;
5589c74514aa415e8131ff7f2fc5b6c1;553633cdeb3247a2b4065f0f6ad08ac0;;0;;A3499;
18b3af1eb03245678381b2588bc1e13f;553633cdeb3247a2b4065f0f6ad08ac0;;0;;A3451;
7add3c9669c649a680068263aaeecc8c;553633cdeb3247a2b4065f0f6ad08ac0;;0;;A3307;
7d943103fdd348d7960dcabdddcfcdaf;553633cdeb3247a2b4065f0f6ad08ac0;;0;;A3543;
1750833ed3354631bfd26f5d034fa610;553633cdeb3247a2b4065f0f6ad08ac0;;0;;A4168;
c736b804c470495bb88f4eef4dd7a8c3;553633cdeb3247a2b4065f0f6ad08ac0;;0;;A3376;
2130b8c3f6bb4003b7fd19a36c68d3b5;553633cdeb3247a2b4065f0f6ad08ac0;;0;;A3628;
3288738d71a4406ebd9efbd4fe7e74bd;553633cdeb3247a2b4065f0f6ad08ac0;;0;;A3178;
494b2f5381bb441c9ccb0b4d341a7981;553633cdeb3247a2b4065f0f6ad08ac0;;0;;A4052;
024b79b949cf4f8f851076599643dbdd;553633cdeb3247a2b4065f0f6ad08ac0;;0;;watschel-und-trippel;
2f02b29410094b36a98c6f4407f93692;553633cdeb3247a2b4065f0f6ad08ac0;;0;;Siparis-Formu-Anadolu-1;
82a0902f3841405db87c477d4880d0d8;553633cdeb3247a2b4065f0f6ad08ac0;;0;;A3369;
6bdf9fc45a124edf895d08976c3071e8;553633cdeb3247a2b4065f0f6ad08ac0;;0;;Cover_Das-Meer-am-Himmel_G-zdeniz_Druck_OK;
808f3d0f7cd94e89abc5147437272d5b;553633cdeb3247a2b4065f0f6ad08ac0;;0;;a5202;
9371d2eb85964c11a4232a86842b3ddb;553633cdeb3247a2b4065f0f6ad08ac0;;0;;Der-Grosse-Basar;
a14b65ed444b4522a61485a70b135488;553633cdeb3247a2b4065f0f6ad08ac0;;0;;wege-ins-freie;
0249946d9b4146ff8975cb8259e5d48d;553633cdeb3247a2b4065f0f6ad08ac0;;0;;krebs;
6df72cb572d34b979a02a732f9c81ad4;553633cdeb3247a2b4065f0f6ad08ac0;;0;;spk14;
e30e1121d2a24c24a4b09611abea4099;553633cdeb3247a2b4065f0f6ad08ac0;;0;;spk18;
d730087b1f8a422e80588b6c1e637b0a;553633cdeb3247a2b4065f0f6ad08ac0;;0;;spk15;
02d712d5eeb1412e9d5b647caca1afd6;553633cdeb3247a2b4065f0f6ad08ac0;;0;;spk16;
be086dd37cef4ac3bdbc709ad05f0e62;553633cdeb3247a2b4065f0f6ad08ac0;;0;;dee7e805-1874-424a-9ddf-bd9145752c91-orjmOHQyxwdOO8M;
fd6d451281d542b892c27ed13dd313d7;553633cdeb3247a2b4065f0f6ad08ac0;;0;;kurdischAfd4hfVqqsMSS;
daded98dafdb4849934ec946caa00bf8;553633cdeb3247a2b4065f0f6ad08ac0;;0;;doppelseite-kurdisch;
d2078cbe3bfe445597b7905776b9cbc7;553633cdeb3247a2b4065f0f6ad08ac0;;0;;polnischZnIWm6L581E9G;
e302f3edd6f84f4fb7cc7aba252e85cf;553633cdeb3247a2b4065f0f6ad08ac0;;0;;doppelseite-polnisch;
3370e3a6ba9b417f917780db5ed1a174;553633cdeb3247a2b4065f0f6ad08ac0;;0;;Kapak-internet_Nasreddin;
2ab5d27f6c3541baabee4f0550b7cafc;553633cdeb3247a2b4065f0f6ad08ac0;;0;;Okuma-Anahtari;
92984a27aaca40d2b7b84777dcf22d02;553633cdeb3247a2b4065f0f6ad08ac0;;0;;T-rk-e-Yeti-kinler-Alfabesi-retmen-K-lavuzu;
98dcc269a0e548da9aa67435fd29b318;553633cdeb3247a2b4065f0f6ad08ac0;;0;;Resimlerle-Harf-gretimi;
b5f41dd26d0348eba03fbc0a83840a34;553633cdeb3247a2b4065f0f6ad08ac0;;0;;A101;
8cc3618a303f4363b8adde5de372bd02;553633cdeb3247a2b4065f0f6ad08ac0;;0;;Okuma-Kitabi-9-10;
135504215f6f42eeb5f77cadb894b6d0;553633cdeb3247a2b4065f0f6ad08ac0;;0;;A337;
794d6ebecaf345069d76bc8fd00ded82;553633cdeb3247a2b4065f0f6ad08ac0;;0;;A300;
65658ab943f74f58ac54167270b48306;553633cdeb3247a2b4065f0f6ad08ac0;;0;;0562;
ce814b151ae24f9d9c2a563a4dbafc13;553633cdeb3247a2b4065f0f6ad08ac0;;0;;A416;
5c1606eed68045c089f32175ad9901aa;553633cdeb3247a2b4065f0f6ad08ac0;;0;;A426;
fee26718bd5c4c009f2af281926c5874;553633cdeb3247a2b4065f0f6ad08ac0;;0;;A609;
a9e0676cbf304acc85d8490f9916598d;553633cdeb3247a2b4065f0f6ad08ac0;;0;;A200;
dd6fd4fe92dc472880d62c93ebcf550c;553633cdeb3247a2b4065f0f6ad08ac0;;0;;0413;
5014487a1b514c94938c583a0b79ef88;553633cdeb3247a2b4065f0f6ad08ac0;;0;;A408;
3a774291f1d04697bac1e2a7871cb8b7;553633cdeb3247a2b4065f0f6ad08ac0;;0;;A508;
cc51c6b37ea444709a7518e56921691d;553633cdeb3247a2b4065f0f6ad08ac0;;0;;A501;
3576fa42ba1349b380314673364218fd;553633cdeb3247a2b4065f0f6ad08ac0;;0;;0502;
a49d8095637542cfa5078d8f22d63075;553633cdeb3247a2b4065f0f6ad08ac0;;0;;A513;
e68aa6f27ab04fd8925797b0ed42a020;553633cdeb3247a2b4065f0f6ad08ac0;;0;;A502;
d64614dc88c641039b94b598511bdce5;553633cdeb3247a2b4065f0f6ad08ac0;;0;;A521;
18bf4cc0ca7d4c8a8a137df3134d3e75;553633cdeb3247a2b4065f0f6ad08ac0;;0;;A709;
5f9168e07ccc4a49817c232533950593;553633cdeb3247a2b4065f0f6ad08ac0;;0;;A505;
1e83ec08a6e841d6a3686c43452a5212;553633cdeb3247a2b4065f0f6ad08ac0;;0;;A567;
9080d96bca424e50a6fa9b65a5be77f4;553633cdeb3247a2b4065f0f6ad08ac0;;0;;0601;
5f4fd14d728f4b778ee3503d3ddf828c;553633cdeb3247a2b4065f0f6ad08ac0;;0;;0602;
28bcfcf5c03e4e7abfd34e627932e403;553633cdeb3247a2b4065f0f6ad08ac0;;0;;A5040;
d0eab55a30944ce08cfde985af0b6e3f;553633cdeb3247a2b4065f0f6ad08ac0;;0;;A613;
accf9ebba698477aa203a2564a362c03;553633cdeb3247a2b4065f0f6ad08ac0;;0;;A621;
79207d1e776646b7be87e7aea22d77c0;553633cdeb3247a2b4065f0f6ad08ac0;;0;;A667;
98f7280f44444070996683188342af20;553633cdeb3247a2b4065f0f6ad08ac0;;0;;A937;
2085899797a5469fa242e8562a4b5574;553633cdeb3247a2b4065f0f6ad08ac0;;0;;A713;
381c1e37824f4846a3cf168b5856c58f;553633cdeb3247a2b4065f0f6ad08ac0;;0;;0801;
f370cf3133e44a58befbe627befaaf7f;553633cdeb3247a2b4065f0f6ad08ac0;;0;;A803;
65efb6cd610b4a5cbb3ccb9866d566d7;553633cdeb3247a2b4065f0f6ad08ac0;;0;;A7040;
5b773514472c4146812819bbb0a899b6;553633cdeb3247a2b4065f0f6ad08ac0;;0;;A820;
6835ebc42e6b47e4a0267d6e7a95cf49;553633cdeb3247a2b4065f0f6ad08ac0;;0;;A942;
f27a7e3f636f471eb82133b273bc028d;553633cdeb3247a2b4065f0f6ad08ac0;;0;;0909;
b584adc1b8ba48a8b8968329edbb8190;553633cdeb3247a2b4065f0f6ad08ac0;;0;;A991;
2dbcd4e6f32e41668425d9f73106a242;553633cdeb3247a2b4065f0f6ad08ac0;;0;;cat-island;
8d28af49fd654e19a9f45bda03d7e76b;553633cdeb3247a2b4065f0f6ad08ac0;;0;;cat-island-ic;
4c3f1ca74ee841b6903335fadd58653d;553633cdeb3247a2b4065f0f6ad08ac0;;0;;the-town-balanced-on-the-wind563098df3912a;
cd6fbd6923804f9993ccfa3d74404076;553633cdeb3247a2b4065f0f6ad08ac0;;0;;the-town-balanced-on-the-wind-inside;
24770b9efaf94238b29b045e9117f55a;553633cdeb3247a2b4065f0f6ad08ac0;;0;;hello-dear-mouse;
878fd36046ac43b6a9093ad108c96203;553633cdeb3247a2b4065f0f6ad08ac0;;0;;hello-dear-mouse-ic;
2f5f5f3ab98042079526416f8d768422;553633cdeb3247a2b4065f0f6ad08ac0;;0;;at-kindergarten;
a4894660ed7b4e35b69c0e6018cfeacb;553633cdeb3247a2b4065f0f6ad08ac0;;0;;at-kindergarten-ic;
444dbe5ce2474a81b8a2daf24b2eb855;553633cdeb3247a2b4065f0f6ad08ac0;;0;;elmars-friends;
2bbe1ab31c854123b27787e3a72b14b0;553633cdeb3247a2b4065f0f6ad08ac0;;0;;elmars-friends-ic;
ec3e09d771344743959ae9d0c92daa4d;553633cdeb3247a2b4065f0f6ad08ac0;;0;;elmar-wetter-franz;
31647997fd9147b49a22e765b23ee3fd;553633cdeb3247a2b4065f0f6ad08ac0;;0;;elmar-wetter-franz-ic;
2685f92cbe3f40c09d17635a37f60606;553633cdeb3247a2b4065f0f6ad08ac0;;0;;tag-mit-elmar-franz;
1ddc8a791f5e45c9bd11327a7c2035b3;553633cdeb3247a2b4065f0f6ad08ac0;;0;;tag-mit-elmar-franz-ic5630e70d93133;
17dc49c9ff7246838ea0c00df641ff34;553633cdeb3247a2b4065f0f6ad08ac0;;0;;elmar-freunde-franz;
1b472e4ba5f4429091160dcd234a763f;553633cdeb3247a2b4065f0f6ad08ac0;;0;;elmar-freunde-franz-ic;
3567432a655f438a8744f44022723cd4;553633cdeb3247a2b4065f0f6ad08ac0;;0;;elmar-farben-franz;
ede13ea247f34464a76b313d704c5048;553633cdeb3247a2b4065f0f6ad08ac0;;0;;elmar-farben-franz-ic;
4a1b6a2b50664242b3ee889b61eeb9dc;553633cdeb3247a2b4065f0f6ad08ac0;;0;;elmar-teddy-franz;
bb84e6cdadc9413e9d68420ded5e3b07;553633cdeb3247a2b4065f0f6ad08ac0;;0;;elmar-teddy-franz-ic;
cab2284ea5e14c60bb0813af3c8f74a2;553633cdeb3247a2b4065f0f6ad08ac0;;0;;maus-kindergarten-italy;
46bff820643c47caa59e9f45b17d9172;553633cdeb3247a2b4065f0f6ad08ac0;;0;;maus-zuhause-italy;
68a5b3763c74481ba29aaecc675fb23a;553633cdeb3247a2b4065f0f6ad08ac0;;0;;tag-mit-elmar-italy;
34f62357af0f4da69a22e428b8b1da0f;553633cdeb3247a2b4065f0f6ad08ac0;;0;;elmar-wetter-italy;
e9085c009fdb4a2ca8a58eccad445ec5;553633cdeb3247a2b4065f0f6ad08ac0;;0;;elmar-freunde-italy;
7ec13d13b2a64b408368f7642ecea004;553633cdeb3247a2b4065f0f6ad08ac0;;0;;elmar-schnee-italy;
295cdf8b70d74076b33ce2c676a4d51d;553633cdeb3247a2b4065f0f6ad08ac0;;0;;elmar-rosa-italy;
d50770edc1db41f09bcd45c2f18959c6;553633cdeb3247a2b4065f0f6ad08ac0;;0;;elmar-teddy-italy;
d7bdc391a21c4a18a9e9776ce0b44ad6;553633cdeb3247a2b4065f0f6ad08ac0;;0;;A24X;
4e1309c908a047eb87825bb5c6d0bd5c;553633cdeb3247a2b4065f0f6ad08ac0;;0;;AT1111;
b585849279764ebb90aed1e5d97237a1;553633cdeb3247a2b4065f0f6ad08ac0;;0;;AT2222563725c813ff0;
a6eba937980e40c9ae8756f430065ecc;553633cdeb3247a2b4065f0f6ad08ac0;;0;;A282X;
a9f01bff072b402aa96300b3d0553d9b;553633cdeb3247a2b4065f0f6ad08ac0;;0;;A0625637311cb1c94;
1e21a0fe764d4e498569e966d56c4064;553633cdeb3247a2b4065f0f6ad08ac0;;0;;AC069;
c377c610f5ca40c1ad7e8da2242b4400;553633cdeb3247a2b4065f0f6ad08ac0;;0;;1075;
a404c47a07a141e183339948459625b2;553633cdeb3247a2b4065f0f6ad08ac0;;0;;A198X;
306da66fe6af4870aa49fd3520d082c6;553633cdeb3247a2b4065f0f6ad08ac0;;0;;A076;
cfbae819ccf4401da057c9d298ba4f92;553633cdeb3247a2b4065f0f6ad08ac0;;0;;A3109;
a2bef10d351847dca78eaf4938f1df8e;553633cdeb3247a2b4065f0f6ad08ac0;;0;;A589;
402e2a306c0a47a6b3c6f3a8f5485652;553633cdeb3247a2b4065f0f6ad08ac0;;0;;F200;
b116940faf3244a5b9dde99646c8ef9e;553633cdeb3247a2b4065f0f6ad08ac0;;0;;9097;
2ca3b8f901ef4dba87a3b2b329aab18c;553633cdeb3247a2b4065f0f6ad08ac0;;0;;TKA2;
1fd2808f33c0422f8b575dcc4c8a5809;553633cdeb3247a2b4065f0f6ad08ac0;;0;;TKA10;
7c546a234909428ea3c6c375d22358fc;553633cdeb3247a2b4065f0f6ad08ac0;;0;;TKA41;
f815ad0a1b704ec982c63530b08929bc;553633cdeb3247a2b4065f0f6ad08ac0;;0;;TKA57;
cb68c8411a0148f3a0a0d8f3ab8a5d54;553633cdeb3247a2b4065f0f6ad08ac0;;0;;stadt-auf-dem-wind-rus;
ff551308b3f248fd90a215ae09e5e69a;553633cdeb3247a2b4065f0f6ad08ac0;;0;;stadt-auf-dem-wind-rus-ic;
ff24eb4987f1476093c45579147e2cb0;553633cdeb3247a2b4065f0f6ad08ac0;;0;;KA15;
c98b88dd3b05419dbeb45f44e36d202f;553633cdeb3247a2b4065f0f6ad08ac0;;0;;KA16;
024b07c2b85a4405b8263b0f35a6f33b;553633cdeb3247a2b4065f0f6ad08ac0;;0;;A226;
3584d50ab8b841cab2df446c718e4caf;553633cdeb3247a2b4065f0f6ad08ac0;;0;;A216;
1330361bbe0045f69ddb82049ab1a037;553633cdeb3247a2b4065f0f6ad08ac0;;0;;A5066;
03f8d76f23ae4857811fd910418c610f;553633cdeb3247a2b4065f0f6ad08ac0;;0;;A2714;
14cda58e48294e7cac94695d3063630d;553633cdeb3247a2b4065f0f6ad08ac0;;0;;A2749;
b18ce72e96234053b1b241eeb9a2e465;553633cdeb3247a2b4065f0f6ad08ac0;;0;;A3044;
bff3d391630c444aa26c262ff8da0a9e;553633cdeb3247a2b4065f0f6ad08ac0;;0;;A3604;
bed9c66f69304b7fbbaafd4533bdee0c;553633cdeb3247a2b4065f0f6ad08ac0;;0;;A3611;
a546e695120742b8812af809806ff8fe;553633cdeb3247a2b4065f0f6ad08ac0;;0;;A3642;
6641527bb2d741d4a04d5f5b2944ccda;553633cdeb3247a2b4065f0f6ad08ac0;;0;;A3635;
c915834c076d4b049efa269cd02aa8ee;553633cdeb3247a2b4065f0f6ad08ac0;;0;;A3087;
ae6d81726fbe4840a281e1cdb1dd8d64;553633cdeb3247a2b4065f0f6ad08ac0;;0;;A3079;
3f763e7833124d14895162b58745afeb;553633cdeb3247a2b4065f0f6ad08ac0;;0;;A3338;
3812de2ea60045c0822df1a6b6aefcf8;553633cdeb3247a2b4065f0f6ad08ac0;;0;;A3864;
1e05af4fa2e14ee48fcc1d26fa6475d4;553633cdeb3247a2b4065f0f6ad08ac0;;0;;A3840;
3c8b845ed95043ed8a9561d08ee738da;553633cdeb3247a2b4065f0f6ad08ac0;;0;;A2811;
ddc94175da164bc9ac0da0c1500c2166;553633cdeb3247a2b4065f0f6ad08ac0;;0;;A3598;
dfdc54fb6ee34e23995bc18975bbb523;553633cdeb3247a2b4065f0f6ad08ac0;;0;;A193D;
35b1fa9ed05e42f9b35202598bca5aa2;553633cdeb3247a2b4065f0f6ad08ac0;;0;;A2641;
ec42bd9c1d4449cc89251982fa849038;553633cdeb3247a2b4065f0f6ad08ac0;;0;;A2633;
7002990c8f3a4b4d9b99f05f23ef9227;553633cdeb3247a2b4065f0f6ad08ac0;;0;;A3252;
685319ede7e84934ae3584b44f3616d1;553633cdeb3247a2b4065f0f6ad08ac0;;0;;A3222;
9f6ffc2ca9b74e2081c73931b0866d69;553633cdeb3247a2b4065f0f6ad08ac0;;0;;A3208;
596055b545c740feb8c70c9c3be14e23;553633cdeb3247a2b4065f0f6ad08ac0;;0;;A3246;
9825d0fe60634930b3c1861090d471a8;553633cdeb3247a2b4065f0f6ad08ac0;;0;;A3239;
6f510c8ad1a74bf09babffd13ceaf4b5;553633cdeb3247a2b4065f0f6ad08ac0;;0;;A3260;
4342626bb7794e5e83b6a628d37bdd93;553633cdeb3247a2b4065f0f6ad08ac0;;0;;A2307;
1a24c32252984e36b63e635f71a3f392;553633cdeb3247a2b4065f0f6ad08ac0;;0;;A2048;
eda99c68fd3346648a0fd6b7d042104a;553633cdeb3247a2b4065f0f6ad08ac0;;0;;A1556;
720ee4018e074d2aa376db1e27f2f268;553633cdeb3247a2b4065f0f6ad08ac0;;0;;A2358;
77c52416719f46aabfb9bbfc2e9ba051;553633cdeb3247a2b4065f0f6ad08ac0;;0;;A3116;
aa3e9b164da24ceeb8808f092eae328a;553633cdeb3247a2b4065f0f6ad08ac0;;0;;A3871;
a0ec5e0ce91a4beaa58b498eae76af10;553633cdeb3247a2b4065f0f6ad08ac0;;0;;A4564;
ce10bac786df41fe8c45ccf05ce13605;553633cdeb3247a2b4065f0f6ad08ac0;;0;;A3857;
3893c2b9dd62458487da80281d9bfa87;553633cdeb3247a2b4065f0f6ad08ac0;;0;;A4137;
5ec90634e9de4c6eaa79f2e37152e0b1;553633cdeb3247a2b4065f0f6ad08ac0;;0;;A4069;
5d1a40d4b2ae4e9182b2147373efead1;553633cdeb3247a2b4065f0f6ad08ac0;;0;;A4076;
61b69cc06ced41568e02d4d3f6461f66;553633cdeb3247a2b4065f0f6ad08ac0;;0;;A4205;
b4d26d2eed834e86969f948ca52d5348;553633cdeb3247a2b4065f0f6ad08ac0;;0;;fitness-f-r-kids-englisch;
3ac4aae1334c442bbb02e086bc6cd63e;553633cdeb3247a2b4065f0f6ad08ac0;;0;;spinelly-Arabisch;
4bbf88e3548241c1a53cf88270cad179;553633cdeb3247a2b4065f0f6ad08ac0;;0;;Vorder-CD4-1;
5c82762fa5c74731bbd5e41f70ae8293;553633cdeb3247a2b4065f0f6ad08ac0;;0;;Rueck-CD4-158edf284c2e35;
fb5adab5860344bdb7a44fcb1ab72b4f;553633cdeb3247a2b4065f0f6ad08ac0;;0;;kanser;
d1ce861638d14083a7beb627a29bde6a;553633cdeb3247a2b4065f0f6ad08ac0;;0;;t-rkisch;
ee2dc4f0aa33493690a403a8b65a9464;553633cdeb3247a2b4065f0f6ad08ac0;;0;;Woerterbuch_tuerkisch;
2237a0c76a4c4bc3b3eba953703f688a;553633cdeb3247a2b4065f0f6ad08ac0;;0;;Begleitheft;
3bbfc24e779f4c878b2bdce7c15f2b1c;553633cdeb3247a2b4065f0f6ad08ac0;;0;;Karton_Poster_Druck_OK-1;
98ef5613f4704f9a98727d92b4a5a1fb;553633cdeb3247a2b4065f0f6ad08ac0;;0;;Karton_Poster_Druck_OK-2;
4ccd24bb6d3d4c48a8a79222d96b2f5a;553633cdeb3247a2b4065f0f6ad08ac0;;0;;spk20;
731f00e147684ccea854b2fdffb60039;553633cdeb3247a2b4065f0f6ad08ac0;;0;;spk21;
d9c0083313be46f289a1718bf48f0512;553633cdeb3247a2b4065f0f6ad08ac0;;0;;spk29;
dae91819c6a24824be71ab8bf8f4e18d;553633cdeb3247a2b4065f0f6ad08ac0;;0;;spk22;
9b216fad7ec34d7ebd69b02bbc263ff4;553633cdeb3247a2b4065f0f6ad08ac0;;0;;spk19;
895cf32e5830481499dc3a095e7b4819;553633cdeb3247a2b4065f0f6ad08ac0;;0;;spk25;
a6f9010da5d94a249f5bba36b74d12ff;553633cdeb3247a2b4065f0f6ad08ac0;;0;;spk28;
d6b873d644894024a20224a87bd69f78;553633cdeb3247a2b4065f0f6ad08ac0;;0;;spk13;
3e0b5cf447b04d5993e84bba0b22c613;553633cdeb3247a2b4065f0f6ad08ac0;;0;;spk17;
848da455e4124447aab0a4fab5af7566;553633cdeb3247a2b4065f0f6ad08ac0;;0;;spk10;
e2f8556b18254f82bbdeb19f7b3ae16d;553633cdeb3247a2b4065f0f6ad08ac0;;0;;spk24;
286e4f710dbe42fa9f08968b39745ce1;553633cdeb3247a2b4065f0f6ad08ac0;;0;;spk26;
e11e5e68a88d444b993df58e9788a5be;553633cdeb3247a2b4065f0f6ad08ac0;;0;;spk27;
ca2b844c31fa4787b2cc5c65f06d8bd6;553633cdeb3247a2b4065f0f6ad08ac0;;0;;IMG_0080;
8788cf1e47c64bdf9b08733a3f5f60b1;553633cdeb3247a2b4065f0f6ad08ac0;;0;;englischjdjiwsEsls0Q7;
e49777c973d4448e8167ab0de8b5f7b1;553633cdeb3247a2b4065f0f6ad08ac0;;0;;doppelseite-englisch;
72fa93fe6ceb42e4a1b9348cf10f4f81;553633cdeb3247a2b4065f0f6ad08ac0;;0;;arabischVsurnI5WVrhRf;
bca0975112c7479392588d45aa97f1c1;553633cdeb3247a2b4065f0f6ad08ac0;;0;;doppelseite-arapca;
47fbc0b8bfb24ba98fd8b2b187270d6f;553633cdeb3247a2b4065f0f6ad08ac0;;0;;rumaenisch;
7b0799ca8cc245ac9cf7dac7c6d58486;553633cdeb3247a2b4065f0f6ad08ac0;;0;;doppelseite-rumaenisch;
9abbc78316ad4d3e8d79911f98ead32f;553633cdeb3247a2b4065f0f6ad08ac0;;0;;russischuTCO8RY7G1pLH;
9411aa0b5ac247e59d10cf992d4e7574;553633cdeb3247a2b4065f0f6ad08ac0;;0;;doppelseite-russisch;
29c73c051e6846a1924a09e9fc8b4395;553633cdeb3247a2b4065f0f6ad08ac0;;0;;griechischNgZTo4WyJlUnf;
7b87876f76b8435abf5ca491440f5e43;553633cdeb3247a2b4065f0f6ad08ac0;;0;;doppelseite-griechisch;
ca91f59ee27a43048edb67e7475b5fa7;553633cdeb3247a2b4065f0f6ad08ac0;;0;;120348149_2921195217980879_4657697829857051288_o;
9fa4ef0c5d0e4d588d6ed699ab4a15f7;553633cdeb3247a2b4065f0f6ad08ac0;;0;;Resimlerle-Harfler;
30b4eefc7d3e4aca8b7f919e48866fc4;553633cdeb3247a2b4065f0f6ad08ac0;;0;;Alistirmali-yeni-Alfabe;
04e52991c62f4640879b2c8f0f9f2104;553633cdeb3247a2b4065f0f6ad08ac0;;0;;A6018;
7ee7f1c18c724f60b15787bd611c66fb;553633cdeb3247a2b4065f0f6ad08ac0;;0;;Resimlerle-Oku-Yaz;
072c1608b1ba4612802dfdc20fb2745e;553633cdeb3247a2b4065f0f6ad08ac0;;0;;T-rkce-Harfler;
58729f2a3cec4731af2df56e8ffa80af;553633cdeb3247a2b4065f0f6ad08ac0;;0;;Alfabem;
13e32bd3d7004df7be6b733a618bb3ec;553633cdeb3247a2b4065f0f6ad08ac0;;0;;T-rk-e-Yeti-kinler-Alfabesi-1;
1a7751c0f5784cae979ce8f6a2501e0c;553633cdeb3247a2b4065f0f6ad08ac0;;0;;Alfabem-alistirma-defteri;
0c79c37f9b4545409bbe350db5ed3f8c;553633cdeb3247a2b4065f0f6ad08ac0;;0;;T-rkce-yetiskinler-2;
e291109147cb4ab4b592679bac65e731;553633cdeb3247a2b4065f0f6ad08ac0;;0;;O220;
bfc31e5b747c493b97f1ad24744c917b;553633cdeb3247a2b4065f0f6ad08ac0;;0;;A2040;
9580e72c61d747eea37eb1b4cdaf2369;553633cdeb3247a2b4065f0f6ad08ac0;;0;;Zebra-3-T-rkisch-Schwedisch;
07cedf1c9e354b159bfcb20c45cba868;553633cdeb3247a2b4065f0f6ad08ac0;;0;;A405;
a89233a6bd9f428b9afad4e517e59d46;553633cdeb3247a2b4065f0f6ad08ac0;;0;;A427;
e64ad1edeed24d94ae8c37c75672e74b;553633cdeb3247a2b4065f0f6ad08ac0;;0;;0420;
e9d8de71bead4152b0d5dc252c1abedd;553633cdeb3247a2b4065f0f6ad08ac0;;0;;A401;
f27e261994f948ac881274d111da01e7;553633cdeb3247a2b4065f0f6ad08ac0;;0;;0341;
4b9a79a601ca4cb5977a2d24c988a462;553633cdeb3247a2b4065f0f6ad08ac0;;0;;0412;
77e9b670183d4082887638ed6e4fd47d;553633cdeb3247a2b4065f0f6ad08ac0;;0;;A3040;
1cb648d6827c48dfb12c3441d349768a;553633cdeb3247a2b4065f0f6ad08ac0;;0;;A425562a0415d9cd9;
3ee9667b44994e92aea0cf5fe8fdf35c;553633cdeb3247a2b4065f0f6ad08ac0;;0;;A526;
49c14c6db16848118ff472125ebbd0ac;553633cdeb3247a2b4065f0f6ad08ac0;;0;;A551;
2340e42ca24c4a3bab729fb598175f50;553633cdeb3247a2b4065f0f6ad08ac0;;0;;A600;
84d2686861ab42c3bddda39030c574f8;553633cdeb3247a2b4065f0f6ad08ac0;;0;;A626;
2ee31e5a0966456484c5f15e9a2e002e;553633cdeb3247a2b4065f0f6ad08ac0;;0;;AT2388;
10201428caca491bbc55ceabdf55c486;553633cdeb3247a2b4065f0f6ad08ac0;;0;;0561;
5036f014e8b74222a041b68eb5fcd52a;553633cdeb3247a2b4065f0f6ad08ac0;;0;;A935;
ef9f15ef8649440190a401ae5c63e909;553633cdeb3247a2b4065f0f6ad08ac0;;0;;A936;
39b1521070074d078aa789b4e6721a13;553633cdeb3247a2b4065f0f6ad08ac0;;0;;A939;
bf0e9739a81945d0ae331c21ef63195f;553633cdeb3247a2b4065f0f6ad08ac0;;0;;0702;
f7a29fd903064b479a5a934ada78c9e9;553633cdeb3247a2b4065f0f6ad08ac0;;0;;A601;
41efb0eb217a49dc831351fea87564c7;553633cdeb3247a2b4065f0f6ad08ac0;;0;;A651;
535f81b43d2d46af913c556e670636db;553633cdeb3247a2b4065f0f6ad08ac0;;0;;A814;
e80440267bdc4e1eaefa93c31a670eec;553633cdeb3247a2b4065f0f6ad08ac0;;0;;A800;
bd61469073d94a2f815b4b60e027ec21;553633cdeb3247a2b4065f0f6ad08ac0;;0;;0802;
d954bbd806e14bf78154110e8d6cc17a;553633cdeb3247a2b4065f0f6ad08ac0;;0;;A813;
c4cce674d2314ccc81731b045e6e98b9;553633cdeb3247a2b4065f0f6ad08ac0;;0;;A914;
115933efa55a4676ba5c89a35e256432;553633cdeb3247a2b4065f0f6ad08ac0;;0;;A903;
e5588312dc1341b69f91d4d0688e5159;553633cdeb3247a2b4065f0f6ad08ac0;;0;;A1027;
42f23ebe1f1e48edac8331951c1379b6;553633cdeb3247a2b4065f0f6ad08ac0;;0;;A915;
653ace28379346f38c690e81ddf8849c;553633cdeb3247a2b4065f0f6ad08ac0;;0;;A990;
c0d3a6a816a744e4a815c8ccf29dc76f;553633cdeb3247a2b4065f0f6ad08ac0;;0;;A940;
f526d05a044744639138cc2c996cd321;553633cdeb3247a2b4065f0f6ad08ac0;;0;;A944;
006f430ff5064fb59811bbdc25939a5b;553633cdeb3247a2b4065f0f6ad08ac0;;0;;A5127;
2cb4b982f4da4477ad43d3bbacb5a13e;553633cdeb3247a2b4065f0f6ad08ac0;;0;;my-friends;
e014ef59c23d48fea0fbd9510b0d23da;553633cdeb3247a2b4065f0f6ad08ac0;;0;;my-friends-ic;
bc5b3711792044c6af18fb255dbcd3f4;553633cdeb3247a2b4065f0f6ad08ac0;;0;;elmers-weather;
14e3ef422f3048809c57758c89534181;553633cdeb3247a2b4065f0f6ad08ac0;;0;;elmers-weather-ic;
418254283e0a4bd6a16f739e9d11235e;553633cdeb3247a2b4065f0f6ad08ac0;;0;;elmars-day;
07079d3cb8094c139b99dcd00f3487c2;553633cdeb3247a2b4065f0f6ad08ac0;;0;;elmars-day-ic;
d8927ff1c59d4ca58e54116204633afa;553633cdeb3247a2b4065f0f6ad08ac0;;0;;elmars-colours;
4669b732d73f45ea973d30b56051c8b4;553633cdeb3247a2b4065f0f6ad08ac0;;0;;elmars-colours-ic;
c14b72085f4a40789370f5472428f05b;553633cdeb3247a2b4065f0f6ad08ac0;;0;;elmar-teddy;
5f15a919b2e4415e9ac085e82c819e91;553633cdeb3247a2b4065f0f6ad08ac0;;0;;elmer-teddy-ic;
809bd244edb248689668e9b452ad4d7a;553633cdeb3247a2b4065f0f6ad08ac0;;0;;elmer-and-willi;
4cd728bacdec4630b74a00ef2941a8ed;553633cdeb3247a2b4065f0f6ad08ac0;;0;;elmer-and-willi-ic;
3ae3a6804a2445a797473220d0cbd3b8;553633cdeb3247a2b4065f0f6ad08ac0;;0;;elmar-willi-franz;
9af4cfe681004524ad65072cc0c6d8a8;553633cdeb3247a2b4065f0f6ad08ac0;;0;;elmar-willi-franz-ic;
8a6411d5f1a74b1e9c2a46ab81299c7a;553633cdeb3247a2b4065f0f6ad08ac0;;0;;elmar-farben-italy;
ed9dc2ee241c41f2ad02f90f44971c0e;553633cdeb3247a2b4065f0f6ad08ac0;;0;;elmar-und-willi-italy;
dc5ffac0168749cc9dd924e4a861aa22;553633cdeb3247a2b4065f0f6ad08ac0;;0;;IMG_6725;
5c178c3447e34ef69ca9401e60f8c530;553633cdeb3247a2b4065f0f6ad08ac0;;0;;AKS1;
1c7dba25d6b241ea92cd9397f78411db;553633cdeb3247a2b4065f0f6ad08ac0;;0;;maus-zuhause-pol;
3e1ca33c9a1a412b9422e14da133a458;553633cdeb3247a2b4065f0f6ad08ac0;;0;;maus-zuhause-pol-ic;
52f69aa566d64f43b010ce327ec70d77;553633cdeb3247a2b4065f0f6ad08ac0;;0;;AT999;
fc5f5381d1574cea96ac152c1fb59993;553633cdeb3247a2b4065f0f6ad08ac0;;0;;maus-kita-pol;
7212a9557ff2451297b66e69f69f8caf;553633cdeb3247a2b4065f0f6ad08ac0;;0;;maus-kita-pol-ic;
899b2c1f9386440fbfdf055160e2f9de;553633cdeb3247a2b4065f0f6ad08ac0;;0;;AT555;
7ec90a9c1b3c4e4a913fc3e87fe0dadf;553633cdeb3247a2b4065f0f6ad08ac0;;0;;AT444;
873893c22d9f4461ad247b1bc9638d15;553633cdeb3247a2b4065f0f6ad08ac0;;0;;elmar-wetter-pol;
5f7ebfc7876846539f441a5ac036eb4b;553633cdeb3247a2b4065f0f6ad08ac0;;0;;elmar-wetter-pol-ic;
396e8ffd951440f89e5a7cdd024c8413;553633cdeb3247a2b4065f0f6ad08ac0;;0;;A3383;
3207faac9656448f8e0b01a584358d27;553633cdeb3247a2b4065f0f6ad08ac0;;0;;AP002;
d07c896f7c2640718a50ae512894a462;553633cdeb3247a2b4065f0f6ad08ac0;;0;;ein-tag-mit-elmar-pol;
5cdd257f41b64dbb9b07c30fde70d219;553633cdeb3247a2b4065f0f6ad08ac0;;0;;ein-tag-mit-elmar-pol-ic;
86cdd2a0ce684f339d9a76cc3519fbc2;553633cdeb3247a2b4065f0f6ad08ac0;;0;;A9999;
cea1f37c7bf94674a0a9e24707a5dfc0;553633cdeb3247a2b4065f0f6ad08ac0;;0;;elmar-freunde-pol;
73230367e4004d3ea4eb895dbe44cce9;553633cdeb3247a2b4065f0f6ad08ac0;;0;;elmar-freunde-pol-ic;
8448b633e8ef45d6a5fa1e9afee66e97;553633cdeb3247a2b4065f0f6ad08ac0;;0;;elmar-farben-pol;
fafe1f86f32346f196efc2f4b7cde226;553633cdeb3247a2b4065f0f6ad08ac0;;0;;elmar-farben-pol-ic;
6372927fe71847d9b2a1de422698e200;553633cdeb3247a2b4065f0f6ad08ac0;;0;;6497;
f668d449636d41bf83ca7c3b7e8c6de3;553633cdeb3247a2b4065f0f6ad08ac0;;0;;ALP01;
3e5927fdea6c4748814597b1964f80e3;553633cdeb3247a2b4065f0f6ad08ac0;;0;;A2153;
4b38d8a1fad94776b403f941208d6be9;553633cdeb3247a2b4065f0f6ad08ac0;;0;;A597;
24303e1fd16d4c58acdd7b5c81f65b15;553633cdeb3247a2b4065f0f6ad08ac0;;0;;A491;
73726c7a8cd74ad496cf7bd263601299;553633cdeb3247a2b4065f0f6ad08ac0;;0;;6056;
dadad607a4384fc29e66744b39b7973d;553633cdeb3247a2b4065f0f6ad08ac0;;0;;A300156373dc1dc3e5;
e45962c48eba4aebb5f4e731f3da9450;553633cdeb3247a2b4065f0f6ad08ac0;;0;;3003;
ab97590e97a04b49af2462a3dd9616fc;553633cdeb3247a2b4065f0f6ad08ac0;;0;;TKA61;
f005cba19e5d4ced930e19a737acdd14;553633cdeb3247a2b4065f0f6ad08ac0;;0;;elmar-wetter-rus;
44c559efd399458d9b9e075068956341;553633cdeb3247a2b4065f0f6ad08ac0;;0;;elmar-wetter-rus-ic;
4523ce5c3421471ab00ad505611cdd0b;553633cdeb3247a2b4065f0f6ad08ac0;;0;;tag-mit-elmar-rus;
a9b7f100e73c466c857c3044a0a1e3af;553633cdeb3247a2b4065f0f6ad08ac0;;0;;tag-mit-elmar-rus-ic;
01ad753b9da04e2c91065655bd21f2d3;553633cdeb3247a2b4065f0f6ad08ac0;;0;;katzeninsel-rus;
5d0db9b18a18416e937d2215d81cafe2;553633cdeb3247a2b4065f0f6ad08ac0;;0;;katzeninsel-rus-ic1;
935561bdfa954ba7b58c5c1a3481d063;553633cdeb3247a2b4065f0f6ad08ac0;;0;;katzeninsel-rus-ic2;
c6907e5b7ec74b72bcfcbc1dae3e286d;553633cdeb3247a2b4065f0f6ad08ac0;;0;;A303;
7d568ffe5b774655b375bfbbbd9c5054;553633cdeb3247a2b4065f0f6ad08ac0;;0;;AP001;
2b12994abadb4d2e90ab3dd2ea67f217;553633cdeb3247a2b4065f0f6ad08ac0;;0;;A5905;
98be1fc2b3ce4e4db8a98d243d391682;553633cdeb3247a2b4065f0f6ad08ac0;;0;;A5912;
feba7fbc867642c9b7a5aa35bf7358b5;553633cdeb3247a2b4065f0f6ad08ac0;;0;;A5929;
09465e7b54af4ccd9fb3ddcb6ebc7f6f;553633cdeb3247a2b4065f0f6ad08ac0;;0;;A5936;
4f4620c9761b4213b032bf3a6a7dc9bf;553633cdeb3247a2b4065f0f6ad08ac0;;0;;A5946;
0c1f1ac32c174ee1ad9a290436cfc51d;553633cdeb3247a2b4065f0f6ad08ac0;;0;;A5950;
3ff410b02ec345b18de67bb12b17c4a6;553633cdeb3247a2b4065f0f6ad08ac0;;0;;Vorder-CD5-1;
1e6206bbf5bc4522bda796e72475fee0;553633cdeb3247a2b4065f0f6ad08ac0;;0;;Rueck-CD5-158edf397f06d5;
5dccaa21231c4fa1a342b57dcf20d0c8;553633cdeb3247a2b4065f0f6ad08ac0;;0;;A4878;
735bc65012814c1f8346309959906d62;553633cdeb3247a2b4065f0f6ad08ac0;;0;;A4722;
a4cf094f0e0b4982987115ac1339fea1;553633cdeb3247a2b4065f0f6ad08ac0;;0;;A5394;
b3296d211d234e539764cc8fcd3e5568;553633cdeb3247a2b4065f0f6ad08ac0;;0;;A5332;
7d9b362a362345f5887349b7b47b5d6a;553633cdeb3247a2b4065f0f6ad08ac0;;0;;A5044;
f35eeb3d2a0d4375a09135b3e3f59b75;553633cdeb3247a2b4065f0f6ad08ac0;;0;;A2730;
296c3370ed9644e784c23c58fd29c6b1;553633cdeb3247a2b4065f0f6ad08ac0;;0;;A2722;
0e764d5076cf4f94b13fdb28d472698e;553633cdeb3247a2b4065f0f6ad08ac0;;0;;A2919;
0620f0a273684875a5db304bf8cc5a7a;553633cdeb3247a2b4065f0f6ad08ac0;;0;;A2935;
88e55322fb4346999473afc6444586dd;553633cdeb3247a2b4065f0f6ad08ac0;;0;;A2684;
529b59bb87ce47d8ad8e386642a058d8;553633cdeb3247a2b4065f0f6ad08ac0;;0;;A2692;
c6ae4ae5209c47f9ae6db193299a0830;553633cdeb3247a2b4065f0f6ad08ac0;;0;;A2951;
9efe8591d9e74087a3d571e2b7342909;553633cdeb3247a2b4065f0f6ad08ac0;;0;;A2706;
46c149695b8346d09316b462b7415dff;553633cdeb3247a2b4065f0f6ad08ac0;;0;;A3147;
04b869f8d14644b1bdf8534576f511be;553633cdeb3247a2b4065f0f6ad08ac0;;0;;A3514;
67174c638a9b473890bfa663c65a9d55;553633cdeb3247a2b4065f0f6ad08ac0;;0;;elmar-farben-rus;
466fc34d0b84479facc01c4962668494;553633cdeb3247a2b4065f0f6ad08ac0;;0;;elmar-farben-rus-ic;
8ed1ec3d45b646ac9fdf92de59d99b87;553633cdeb3247a2b4065f0f6ad08ac0;;0;;elmar-freunde-rus;
11b3647f63a248759875a3ca144d7d26;553633cdeb3247a2b4065f0f6ad08ac0;;0;;elmar-freunde-rus-ic;
e30d4ec8df164861acb2ff17946ed1a5;553633cdeb3247a2b4065f0f6ad08ac0;;0;;elmar-schnee-rus;
36e0327d1807492a8d99818cf52a8fd2;553633cdeb3247a2b4065f0f6ad08ac0;;0;;elmar-schnee-rus-ic;
72a9e78afa7a407d8a1ce5c2c9955084;553633cdeb3247a2b4065f0f6ad08ac0;;0;;A3154;
1b709250755c48c29b80377720aedc7e;553633cdeb3247a2b4065f0f6ad08ac0;;0;;A191D;
3951212a2b2044fe99901d943500802b;553633cdeb3247a2b4065f0f6ad08ac0;;0;;A4151;
08358e38362a403ab62360d33b4cc759;553633cdeb3247a2b4065f0f6ad08ac0;;0;;A265X;
6f75763be71c46b49aacdb2a7d8be8eb;553633cdeb3247a2b4065f0f6ad08ac0;;0;;elmar-rosa-rus;
4bcdf200314645c38244ab5d630e33a3;553633cdeb3247a2b4065f0f6ad08ac0;;0;;elmar-rosa-rus-ic;
f9c9162dce6145dca380ff8560f3e344;553633cdeb3247a2b4065f0f6ad08ac0;;0;;A3185;
bcd3d7dbae114192b106d9220bc54882;553633cdeb3247a2b4065f0f6ad08ac0;;0;;A3277;
0293a3a56c354a719074ca371078a9ea;553633cdeb3247a2b4065f0f6ad08ac0;;0;;elmar-teddy-rus;
0a8f52eadf2b4ebbad8d9fced0e37f70;553633cdeb3247a2b4065f0f6ad08ac0;;0;;elmar-teddy-rus-ic;
3f7246d6c8a7487292557b78f4de5097;553633cdeb3247a2b4065f0f6ad08ac0;;0;;elmar-willi-rus;
7585d7d40d0a4674bd9792585f1b77fb;553633cdeb3247a2b4065f0f6ad08ac0;;0;;elmar-willi-rus-ic;
f9da3e1be58f48049ebc4a729b631f42;553633cdeb3247a2b4065f0f6ad08ac0;;0;;A2293;
2c0c7f76f6c5428295d91f5d2cece7d6;553633cdeb3247a2b4065f0f6ad08ac0;;0;;maus-kindergarten-rus;
72e03626e2d9410ba9998a95daccec11;553633cdeb3247a2b4065f0f6ad08ac0;;0;;maus-kindergarten-rus-ic;
e18fc9d6c3cd468690f10d2e3641364a;553633cdeb3247a2b4065f0f6ad08ac0;;0;;Vita-und-Tolga;
d53eb8b1af3c42588d66d43341fa8b02;553633cdeb3247a2b4065f0f6ad08ac0;;0;;A2005;
45192cd90d52496c829742b6038e1c5f;553633cdeb3247a2b4065f0f6ad08ac0;;0;;A1998;
fb424ee21adf4956aaa051f1a63d75b0;553633cdeb3247a2b4065f0f6ad08ac0;;0;;A1503;
c269c559e3814ef9a47d7b2ec830a9fe;553633cdeb3247a2b4065f0f6ad08ac0;;0;;A1521;
5659b67148294474a572994829afe3e4;553633cdeb3247a2b4065f0f6ad08ac0;;0;;A153X;
fba53b3e5ed34b57b73904b7e6b3f76a;553633cdeb3247a2b4065f0f6ad08ac0;;0;;A1505;
34cd742d51d244569f7a594058f3d5f5;553633cdeb3247a2b4065f0f6ad08ac0;;0;;A234X;
0571c6cde9994e05b3ca346554f8d733;553633cdeb3247a2b4065f0f6ad08ac0;;0;;A2455;
4db41ff6a5c24cea85831383a3ebc0e4;553633cdeb3247a2b4065f0f6ad08ac0;;0;;A2366;
898e1714770349b88c34081f00949d51;553633cdeb3247a2b4065f0f6ad08ac0;;0;;A3475;
dac36a1aedd841a6891b5e6ad73edd52;553633cdeb3247a2b4065f0f6ad08ac0;;0;;A3123;
93019fd70d114a3a95c07bd3734b6362;553633cdeb3247a2b4065f0f6ad08ac0;;0;;A3901;
3a1e0556cd4c4743a56ca9d4ab6ba52a;553633cdeb3247a2b4065f0f6ad08ac0;;0;;A3895;
906cde13fd5b43e2ba60abba97b0ce58;553633cdeb3247a2b4065f0f6ad08ac0;;0;;A1971;
691d5106ab944c6fb49a840983541dcf;553633cdeb3247a2b4065f0f6ad08ac0;;0;;A3352;
72eee451247b441aafa240c3b71bfebd;553633cdeb3247a2b4065f0f6ad08ac0;;0;;A3345;
798f93a87de54d78aa42891a0a47097d;553633cdeb3247a2b4065f0f6ad08ac0;;0;;A3888;
4d7ff919b0f64b45949046e05f29aa9b;553633cdeb3247a2b4065f0f6ad08ac0;;0;;A4144;
c87b044a369741d2b6cbb3a55c052646;553633cdeb3247a2b4065f0f6ad08ac0;;0;;A3161;
464af01c434a4f269f90cbda149125a4;553633cdeb3247a2b4065f0f6ad08ac0;;0;;A4182;
8212f7be282d41798b75ccec53f335a0;553633cdeb3247a2b4065f0f6ad08ac0;;0;;A3529;
2f156c36e34b4afb8b5cf180fb61bd11;553633cdeb3247a2b4065f0f6ad08ac0;;0;;A3512;
06bddf63a28545719b0cee0e646f9117;553633cdeb3247a2b4065f0f6ad08ac0;;0;;A4083;
c03c00d6246549fe95e3b080a2826f50;553633cdeb3247a2b4065f0f6ad08ac0;;0;;A5271;
f14ee65d56834332b22fcb03163b9916;553633cdeb3247a2b4065f0f6ad08ac0;;0;;A5240;
d349e935c41d46a09fb00597ac8a3bbd;553633cdeb3247a2b4065f0f6ad08ac0;;0;;A3819;
45f1bf6f120b4521a8eef5fb512a6901;553633cdeb3247a2b4065f0f6ad08ac0;;0;;A3802;
10ce4e4941e348f58003762f5e554a31;553633cdeb3247a2b4065f0f6ad08ac0;;0;;A3826;
9381314f281042158db13d3cc8d14075;553633cdeb3247a2b4065f0f6ad08ac0;;0;;A6070;
f9d3d48958f7426b8921337c591b3fd6;553633cdeb3247a2b4065f0f6ad08ac0;;0;;A6171;
f1b92b1192204ef8ac992772ed56978e;553633cdeb3247a2b4065f0f6ad08ac0;;0;;A6100;
989d45d7fbcb48019efcd0168258ef38;553633cdeb3247a2b4065f0f6ad08ac0;;0;;fitness-f-r-kids-t-rkisch;
90b7f9b4939e4742be71b50b1477477e;553633cdeb3247a2b4065f0f6ad08ac0;;0;;englisch;
9a3d53ee58474f76a6d0314f5e6f283a;553633cdeb3247a2b4065f0f6ad08ac0;;0;;Woerterbuch_englisch;
56a06716d482412b9bcb7ac61f1e3041;553633cdeb3247a2b4065f0f6ad08ac0;;0;;franz-sisch;
aeb33ff80d224582b8108e8f5d868fe1;553633cdeb3247a2b4065f0f6ad08ac0;;0;;Woerterbuch_franzoesisch;
6c1e211068f740ecb36fd1bf875bd305;553633cdeb3247a2b4065f0f6ad08ac0;;0;;italienisch;
7040121efa86461d9dee48423c14abf2;553633cdeb3247a2b4065f0f6ad08ac0;;0;;Woerterbuch_italienisch;
307ca4dcd649487d85c097d229fbd20b;553633cdeb3247a2b4065f0f6ad08ac0;;0;;spanisch;
c04462aa2a634e13b6bf32572475ddb1;553633cdeb3247a2b4065f0f6ad08ac0;;0;;Woerterbuch_spanisch;
6c00ff82642d41be994652142fe7d81d;553633cdeb3247a2b4065f0f6ad08ac0;;0;;POSTER-Tiere_arab_2015_A1;
d8d4b59221804330b439453a6b087694;553633cdeb3247a2b4065f0f6ad08ac0;;0;;POSTER-Zahlen_arab_2015_A1;
2782989e14554f72bedbcb9527c9cd39;553633cdeb3247a2b4065f0f6ad08ac0;;0;;Schulbuchkatalog-ANADOLU-2020-2021_Seite_01;
3d7783b09b81473f9ad6c9fe08cd6aa8;553633cdeb3247a2b4065f0f6ad08ac0;;0;;Keloglan-im-Land-der-Stummen-1573d9efc5a802;
5e81510652d643018bde460b668635cd;553633cdeb3247a2b4065f0f6ad08ac0;;0;;Bilderbuchkino-Titelbild573d9f5976072;
bbc97be651924a2391db62cf9c6bedc6;553633cdeb3247a2b4065f0f6ad08ac0;;0;;Keloglan-und-die-Gazellen;
ae6ed4069a2244a8b3b8cce583e17e53;553633cdeb3247a2b4065f0f6ad08ac0;;0;;9783861215608;
fa0dabd2ff2f4ee8ba9079a330d5ed80;553633cdeb3247a2b4065f0f6ad08ac0;;0;;9783861215592;
3a81623764e149039407a62a15a40083;553633cdeb3247a2b4065f0f6ad08ac0;;0;;9783861215639;
4302153cec4044e1a5753d0296a69309;553633cdeb3247a2b4065f0f6ad08ac0;;0;;9783861216711;
56de680811d34081935450f328c249d8;553633cdeb3247a2b4065f0f6ad08ac0;;0;;9783861216698;
cbc75596f48747348b8cc1b95b602c00;553633cdeb3247a2b4065f0f6ad08ac0;;0;;9783861216674;
1aa0b8dbc5104fc4bbfa2c429c878865;553633cdeb3247a2b4065f0f6ad08ac0;;0;;9783861216650;
c12c294261fd44b9892f2feaf33ba5d0;553633cdeb3247a2b4065f0f6ad08ac0;;0;;9783861216742;
09b8f6d412204ede90a1df752a7d57d7;553633cdeb3247a2b4065f0f6ad08ac0;;0;;9783861216704;
ddc067bfffab42ecb14404d422d6c50f;553633cdeb3247a2b4065f0f6ad08ac0;;0;;begleitheft-seite-11;
ec2782057fc24d32bf24890bd4d0f273;553633cdeb3247a2b4065f0f6ad08ac0;;0;;Katze_COVER_German-Turk;
77d307790e3145dd83aa26d7d6442232;553633cdeb3247a2b4065f0f6ad08ac0;;0;;Die-Wildkatze-aus-dem-Schilf_innen;
1c9bf2bcd81f45948497999b91631b3a;553633cdeb3247a2b4065f0f6ad08ac0;;0;;Kaya-COVER_German-Turkish;
e28a494ccad8423e9a50af855b5fb125;553633cdeb3247a2b4065f0f6ad08ac0;;0;;Kaya-der-Hirsch_innen;
b0e6596840f4442894d90339a4cffd6c;553633cdeb3247a2b4065f0f6ad08ac0;;0;;Vorder-CD6-1;
570281a1e69a4174b5b9ace0ef24cb62;553633cdeb3247a2b4065f0f6ad08ac0;;0;;Rueck-CD6-158edf41a29ae0;
e6061d26feae440285a82587773d8696;553633cdeb3247a2b4065f0f6ad08ac0;;0;;Ritter-COVER_German-Arabisch;
a98c7a8a7eba49f5952cb62820dd6e94;553633cdeb3247a2b4065f0f6ad08ac0;;0;;Gluecksritter_arab_innen;
5cb9411643874598a6aa8e1c02cabad6;553633cdeb3247a2b4065f0f6ad08ac0;;0;;Ritter-COVER_German-Tuerk;
0f5f511782ec4f418542ccf11be01319;553633cdeb3247a2b4065f0f6ad08ac0;;0;;Gluecksritter_tuerk_innen;
c1c438ac22df4a3189873b1eb09f68d1;553633cdeb3247a2b4065f0f6ad08ac0;;0;;Keloglan-COVER_German_Arabisch;
5c13e00292d04a2c956d8327ab6ef446;553633cdeb3247a2b4065f0f6ad08ac0;;0;;KeloglanDonat_arab_innen;
2a7a69b54b9e4ef283e1e1e380f1937c;553633cdeb3247a2b4065f0f6ad08ac0;;0;;Keloglan-COVER_German_Kurdisch;
b272ab591ecb4c18a303e0b76fd2d166;553633cdeb3247a2b4065f0f6ad08ac0;;0;;KeloglanDonat_kurd_innen;
529ba88323bc4b84a76fb51f2e04e7b0;553633cdeb3247a2b4065f0f6ad08ac0;;0;;Cover_Wolke-und-Sonne;
83f2d12276b5456dbef04a86a87680b9;553633cdeb3247a2b4065f0f6ad08ac0;;0;;Wolke_und_Sonne_innen;
0bb1dd38666e4f44b689155a689d2f32;553633cdeb3247a2b4065f0f6ad08ac0;;0;;Prinz_Cover_rum;
2035aac34c0540cfbf8f4b1fa6560865;553633cdeb3247a2b4065f0f6ad08ac0;;0;;Der-kleine-Prinz_innen_rum;
90d9b82201be4721a6512b4ad45c4723;553633cdeb3247a2b4065f0f6ad08ac0;;0;;Nazim-Hikmet-Kopie;
b57f154b0a5e4acd90f3292e8033b771;553633cdeb3247a2b4065f0f6ad08ac0;;0;;Junchen_arab;
02f51000f6594eb2853ee2abb2b3e514;553633cdeb3247a2b4065f0f6ad08ac0;;0;;Junchen_u_Schmente_arab_Doppelseite-Kopie-Kopie;
793b583c75dd417c977ff5427e5e6328;553633cdeb3247a2b4065f0f6ad08ac0;;0;;Junchen_kurd;
0f76cb27d4cb4be58a93b4efbd87ad73;553633cdeb3247a2b4065f0f6ad08ac0;;0;;Junchen_u_Schmente_kurdisch_Doppelseite-Kopie;
af6310cbc40148599c98ab1df80e629c;553633cdeb3247a2b4065f0f6ad08ac0;;0;;Junchen_turk;
70c4a70b6d7947a88123ea420ba79b03;553633cdeb3247a2b4065f0f6ad08ac0;;0;;Junchen_u_Schmente_tuerk_Doppelseite;
b83206e5df2146eaa03d47a96fd9f70f;553633cdeb3247a2b4065f0f6ad08ac0;;0;;a1502;
2f5e9e8bc73d487e914607c189d27e40;553633cdeb3247a2b4065f0f6ad08ac0;;0;;Kapaklar-Baski-1wd5EltCeAIzAP;
53c2a307211645898cce02d354179420;553633cdeb3247a2b4065f0f6ad08ac0;;0;;Kapaklar-Baski-2djSH58yLk12EW;
92989616f6b741af98f797c4a3dfb8a9;553633cdeb3247a2b4065f0f6ad08ac0;;0;;Kapaklar-Baski-39LCWIK2IIH34E;
dc0f7bc4a3e043388cd61c802e73a8e3;553633cdeb3247a2b4065f0f6ad08ac0;;0;;Kapaklar-Baski-4U8xkPLhm9W5Ay;
2a65f8f95dcd4b76bc8c34ab0c3618e5;553633cdeb3247a2b4065f0f6ad08ac0;;0;;Kapaklar-Baski-5;
12539a735f28454fb7c1dc179e8c413e;553633cdeb3247a2b4065f0f6ad08ac0;;0;;Kapaklar-Baski-6;
079aacfc71c94c1ab83944fe85a84634;553633cdeb3247a2b4065f0f6ad08ac0;;0;;kapaklar;
b84796e4173f4796a6ff07b8c597a93a;553633cdeb3247a2b4065f0f6ad08ac0;;0;;tuerkisch;
8ab4a82be237499c9f954f514511a7f3;553633cdeb3247a2b4065f0f6ad08ac0;;0;;doppelseite-tuerkisch;
77f26f04fe854c82a261af64e997c8c8;553633cdeb3247a2b4065f0f6ad08ac0;;0;;Oku-Boya-Yaz-3;
d7d0815982d843ae80b2a44e4bf726fd;553633cdeb3247a2b4065f0f6ad08ac0;;0;;1nN4ECYR0TqLcn;
2d92f79ea9e04c9fb98b2fda78c9cd1e;553633cdeb3247a2b4065f0f6ad08ac0;;0;;4uMDkhDcMchWS1;
88ab4595867549858e0caba3e37d3289;553633cdeb3247a2b4065f0f6ad08ac0;;0;;10;
ff3cf1c5d96f4e128e64c90426cf99de;553633cdeb3247a2b4065f0f6ad08ac0;;0;;18;
0fdfd6fa960f48a9b029fe970c232a62;553633cdeb3247a2b4065f0f6ad08ac0;;0;;24;
9f04941c1cef40c8983335bc8c2a57cb;553633cdeb3247a2b4065f0f6ad08ac0;;0;;32;
2d942361decd4d498a96abf96f107a01;553633cdeb3247a2b4065f0f6ad08ac0;;0;;35;
ff85afe7480c4a59a84f20ff9159059d;553633cdeb3247a2b4065f0f6ad08ac0;;0;;50;
bafc0cab4ac3411d9f8c3c47ac6d1c33;553633cdeb3247a2b4065f0f6ad08ac0;;0;;Kapak-kuecuek-kara-balik-internet;
4f18e042e15a47e38b64027f2b55e34c;553633cdeb3247a2b4065f0f6ad08ac0;;0;;ZuHause-arab;
802a2687864146d792df563da72ca628;553633cdeb3247a2b4065f0f6ad08ac0;;0;;Maus_ZuHaus_arabisch_Seite;
369edcfa626a487d8379306fa8d45f75;553633cdeb3247a2b4065f0f6ad08ac0;;0;;Maus_ZuHaus_arabisch_Seite2;
7cc8c011e5094864a70ea45782e6fad2;553633cdeb3247a2b4065f0f6ad08ac0;;0;;a1000;
5837f042737945a1be694d2ae5104beb;553633cdeb3247a2b4065f0f6ad08ac0;;0;;a1001;
783f71e68f6b499da1094b2cb7e139bf;553633cdeb3247a2b4065f0f6ad08ac0;;0;;Pilot_1;
3cebee379c3a49c0ba6db3a1677774e7;553633cdeb3247a2b4065f0f6ad08ac0;;0;;pilot-calisma56274f517b47d;
34228432d54940cca2fb5b1c2be914db;553633cdeb3247a2b4065f0f6ad08ac0;;0;;zebra-1-2-dt-tr;
c745e8b658ba4ddba9837f404c1273c6;553633cdeb3247a2b4065f0f6ad08ac0;;0;;zebra-1-2-pol;
f3527daa46d8447db6ecfdff9b3233e5;553633cdeb3247a2b4065f0f6ad08ac0;;0;;zebra-1-2-rus;
05e95cdb566f42dfb161c9856a31a55c;553633cdeb3247a2b4065f0f6ad08ac0;;0;;alistirmsli-tr-1;
e9d7d51401db42aaa12fdad20c0de545;553633cdeb3247a2b4065f0f6ad08ac0;;0;;oyunlarla-s-z-dag-gezintiler;
e2742305a77b477491e340045c2d16c2;553633cdeb3247a2b4065f0f6ad08ac0;;0;;A130;
cd40f0cda2cd47f3b942f6780d413b3a;553633cdeb3247a2b4065f0f6ad08ac0;;0;;A130-2;
7f6f2e98afb84616bd356afd38739ca4;553633cdeb3247a2b4065f0f6ad08ac0;;0;;A130-3;
88d895315ad54d88af8930b9445a33e2;553633cdeb3247a2b4065f0f6ad08ac0;;0;;A130-4;
ba583c61beda4ad3a6d15184e21de7b6;553633cdeb3247a2b4065f0f6ad08ac0;;0;;A130-5;
50288a5bbe2f4038b42b0ccd9aae3a2f;553633cdeb3247a2b4065f0f6ad08ac0;;0;;A130-6;
693e464ba20e4d9f8d9b66def7850e6f;553633cdeb3247a2b4065f0f6ad08ac0;;0;;Kindergarten-arab;
da5fa84b407c45d39a554a721c827153;553633cdeb3247a2b4065f0f6ad08ac0;;0;;Maus_Kindergarten_arabisch_Seite;
4b6ec2689c1a43899019c7d0269c7b24;553633cdeb3247a2b4065f0f6ad08ac0;;0;;Maus_Kindergarten_arabisch_Seite2;
5e2e418286bd4501b60846e835a012a8;553633cdeb3247a2b4065f0f6ad08ac0;;0;;Kelime-ve-C-mle-al-malar-1;
9e3cfdd6403447929e1e153fe12126c3;553633cdeb3247a2b4065f0f6ad08ac0;;0;;Okuma-Anahtari-1-Ton-Ton;
dac28c11e4064548bc0b41a8f1b9711d;553633cdeb3247a2b4065f0f6ad08ac0;;0;;obst-arab-front;
90b9340f6a054d678b13fb9564ff7057;553633cdeb3247a2b4065f0f6ad08ac0;;0;;obst-arab-back;
e9fcce559e034a649587438632ce6a97;553633cdeb3247a2b4065f0f6ad08ac0;;0;;Resimlerle-T-rkce-1;
d270e3eb1cf44255991d4935ce803974;553633cdeb3247a2b4065f0f6ad08ac0;;0;;A2000;
d7d4b15ecc9f46b4831519c919102c08;553633cdeb3247a2b4065f0f6ad08ac0;;0;;A2001;
1ae1dfe7d99c4f80b1cc5cee4d8bfbb3;553633cdeb3247a2b4065f0f6ad08ac0;;0;;pilot-2-okuma;
59a605ce21cf49f28b025f247ec363d5;553633cdeb3247a2b4065f0f6ad08ac0;;0;;pilot-2-calisma;
2e74274cf8a04be2a7343ed30608f593;553633cdeb3247a2b4065f0f6ad08ac0;;0;;A2002;
08490813b03e47de8745e95325200dea;553633cdeb3247a2b4065f0f6ad08ac0;;0;;A217x;
27d2cea851d7410fb3926c55de472ae5;553633cdeb3247a2b4065f0f6ad08ac0;;0;;A138;
c84530a947014e9b9d2039de4fc50e17;553633cdeb3247a2b4065f0f6ad08ac0;;0;;tiere-arab-front;
82c96f8ef0b141f8b884b2071d3be065;553633cdeb3247a2b4065f0f6ad08ac0;;0;;tiere-arab-back;
0ececc4173604c008e1d22e9e8cbb25d;553633cdeb3247a2b4065f0f6ad08ac0;;0;;a3000;
bcf42a26536e42b5af50441007579a0a;553633cdeb3247a2b4065f0f6ad08ac0;;0;;A3001;
a2232f120c25474c9aaa28cf8db31dbe;553633cdeb3247a2b4065f0f6ad08ac0;;0;;Pilot-3;
3d88be264e48469d95f85149d4dbdbef;553633cdeb3247a2b4065f0f6ad08ac0;;0;;Pilot3;
a3a2388a9c224fc7bb617e3b21d43991;553633cdeb3247a2b4065f0f6ad08ac0;;0;;Zebra-3;
100288c67d314075a13e1f4b33358424;553633cdeb3247a2b4065f0f6ad08ac0;;0;;Alistirmali-T-rkce-3;
ec54732a4ca64de28dde8843e7213e42;553633cdeb3247a2b4065f0f6ad08ac0;;0;;A327;
1edd0aef9cd44009a5cbdfad6e79401b;553633cdeb3247a2b4065f0f6ad08ac0;;0;;A315;
9db34c56417e44fcb672679a1b459b70;553633cdeb3247a2b4065f0f6ad08ac0;;0;;0320;
c5b8893781dd4d4892c44a504973bf07;553633cdeb3247a2b4065f0f6ad08ac0;;0;;A410;
91bd9dff82654d75af8f133ed86bbaba;553633cdeb3247a2b4065f0f6ad08ac0;;0;;A316;
ed2f9f42b3e44bfb84d6c0404c19f9e7;553633cdeb3247a2b4065f0f6ad08ac0;;0;;A326;
b905357cb0704145bd0391915ef39871;553633cdeb3247a2b4065f0f6ad08ac0;;0;;A4000;
d0da974740084d6182715f8816dd9bbe;553633cdeb3247a2b4065f0f6ad08ac0;;0;;A4001;
ec10fc48b506449a8660622cc76d8338;553633cdeb3247a2b4065f0f6ad08ac0;;0;;Pilot-4-okuma;
412ed22bed644d7f8e4624d676c1579a;553633cdeb3247a2b4065f0f6ad08ac0;;0;;pilot-4-calisma;
f264ed49d8d54d9e93738b2b6f943c16;553633cdeb3247a2b4065f0f6ad08ac0;;0;;A3028;
edb9bb7365bd46eb99f28ab8a489a450;553633cdeb3247a2b4065f0f6ad08ac0;;0;;A4002;
ca42bba6a02741318c5730e36bc487d9;553633cdeb3247a2b4065f0f6ad08ac0;;0;;A425;
3592db40fcee40c9bd7bce1b1ad66e51;553633cdeb3247a2b4065f0f6ad08ac0;;0;;A510;
2bd5aae023a54575aa72772e72a1af77;553633cdeb3247a2b4065f0f6ad08ac0;;0;;flascards-cover;
a862168ab809478296eb0baf774e495e;553633cdeb3247a2b4065f0f6ad08ac0;;0;;socken;
406a5a94a445415da8c50cbb35861fa6;553633cdeb3247a2b4065f0f6ad08ac0;;0;;socken-text;
20a1a633c19a48b9897deb19142ba73e;553633cdeb3247a2b4065f0f6ad08ac0;;0;;A2188;
49a33e649ce646378bb9172d5e269045;553633cdeb3247a2b4065f0f6ad08ac0;;0;;ein-tag-mit-elmar-front-arab;
c16366ec69a24b85a0e40669b279bb06;553633cdeb3247a2b4065f0f6ad08ac0;;0;;ein-tag-mit-elmar-inside-arab;
897adb0984bf4a58b19a1e2baf0a5c35;553633cdeb3247a2b4065f0f6ad08ac0;;0;;a5000homepage;
d0c2117fce164a7aad899e7dd404e8c7;553633cdeb3247a2b4065f0f6ad08ac0;;0;;Cover_Serie_TAD_5_CD_klein-Kopie;
dda33e69353945f6bcf42ae4371694e2;553633cdeb3247a2b4065f0f6ad08ac0;;0;;A3710;
78a47646768a49f68b7d38c85e01c7ac;553633cdeb3247a2b4065f0f6ad08ac0;;0;;A3727;
a44912da664943abbba00a0cc599a9d3;553633cdeb3247a2b4065f0f6ad08ac0;;0;;A3758;
f2cc296731db4cd1a83733dbf3fca776;553633cdeb3247a2b4065f0f6ad08ac0;;0;;elmar-freunde;
dbac27050e794a5fa5ee1f01f2935599;553633cdeb3247a2b4065f0f6ad08ac0;;0;;elmar-freunde-innen562a0e9634569;
bc460109ee7e4d19aa1f1f0037103b20;553633cdeb3247a2b4065f0f6ad08ac0;;0;;A527;
088eb14f2f404b9aaf25d06b5a4ed4d4;553633cdeb3247a2b4065f0f6ad08ac0;;0;;A500;
502d3f3b05eb44f6b46cff3d055a4b68;553633cdeb3247a2b4065f0f6ad08ac0;;0;;A514;
dca272c1f3e44c1c908a4cd8208fff1e;553633cdeb3247a2b4065f0f6ad08ac0;;0;;A404;
f8b518a98fe544e39e42ff66185d1814;553633cdeb3247a2b4065f0f6ad08ac0;;0;;elmar-wetter;
e357c47ce6e944f8b9d98963111a2918;553633cdeb3247a2b4065f0f6ad08ac0;;0;;elmar-wetter-innen;
d1cab4b2faaf4ffaae92dedd11f5b294;553633cdeb3247a2b4065f0f6ad08ac0;;0;;Cover_Iste_T-rkiye_Cover_vorne_web;
43281995ea4749a9aed903f0a4ccd71c;553633cdeb3247a2b4065f0f6ad08ac0;;0;;elmar-farben562a112cd9fcc;
77fe5604b8bc4438b5f99c6fbbfb6825;553633cdeb3247a2b4065f0f6ad08ac0;;0;;elmar-farben-innen562a11353b3a1;
4801c117a7504aa6a1eb57e09bdaa2d9;553633cdeb3247a2b4065f0f6ad08ac0;;0;;Cover_Serie_TAD_6_klein-Kopie;
8a8d05b6ced7426ba8b1006517704285;553633cdeb3247a2b4065f0f6ad08ac0;;0;;a6001;
e9a422f2d6cb42fdbc15f78646d5fb12;553633cdeb3247a2b4065f0f6ad08ac0;;0;;A3772;
0c9e657cbcaf4f3f927238ddfc552fc9;553633cdeb3247a2b4065f0f6ad08ac0;;0;;A3789;
c4f3d9bbe3cb4b7fae704270c33622af;553633cdeb3247a2b4065f0f6ad08ac0;;0;;zebra-6-7563b9af63ac17;
db17fb87c4504be9885faa3ec3c1d1d4;553633cdeb3247a2b4065f0f6ad08ac0;;0;;a6275640591b8c4be;
48a3ec8e830e477ebde06925616322fc;553633cdeb3247a2b4065f0f6ad08ac0;;0;;A614;
9498aaa03ac348b7a6c55019eb6dd540;553633cdeb3247a2b4065f0f6ad08ac0;;0;;Cover-Benim_K-lt-r-m_OK;
6d8d6044f4234efbad45977fa5406588;553633cdeb3247a2b4065f0f6ad08ac0;;0;;A7000;
84bfa47ee8104a67bbac2fffcce6281a;553633cdeb3247a2b4065f0f6ad08ac0;;0;;TAD-7;
4ac327b4b77b4bedaeae284f2007d2f8;553633cdeb3247a2b4065f0f6ad08ac0;;0;;A727;
8546a9bb0a944416ae70b193ab04045d;553633cdeb3247a2b4065f0f6ad08ac0;;0;;A700;
33e88da800ef471da8cd126be4995da7;553633cdeb3247a2b4065f0f6ad08ac0;;0;;A726;
9d8f06507a7f4420b933f2762079b73f;553633cdeb3247a2b4065f0f6ad08ac0;;0;;A504;
311d2739262d40f482dcf2d0bab4db2f;553633cdeb3247a2b4065f0f6ad08ac0;;0;;A8000;
accee7436b7a46708136eba0d1f31a14;553633cdeb3247a2b4065f0f6ad08ac0;;0;;A8001;
a3089a0ce0f04f7a835f87ee2bb65d70;553633cdeb3247a2b4065f0f6ad08ac0;;0;;A827;
2a4d3883c9054fa4af006dfb082d5b5a;553633cdeb3247a2b4065f0f6ad08ac0;;0;;A826;
46791fd97d8947108021a244f72d81e0;553633cdeb3247a2b4065f0f6ad08ac0;;0;;A927;
3895b3ea49bb49458429bf81d48e12de;553633cdeb3247a2b4065f0f6ad08ac0;;0;;A900;
5be1af4004b14e279b7a87e4c75df67c;553633cdeb3247a2b4065f0f6ad08ac0;;0;;A926;
2a3853247f9946b2bc1e4f31061f2d68;553633cdeb3247a2b4065f0f6ad08ac0;;0;;0901;
2d79945eacca4114822f49571ab5a1a3;553633cdeb3247a2b4065f0f6ad08ac0;;0;;0902;
960a4eae6e454f0b8e0081fbcd0bfbc9;553633cdeb3247a2b4065f0f6ad08ac0;;0;;A604;
6d8310c3b46147e080b649b8b37c8687;553633cdeb3247a2b4065f0f6ad08ac0;;0;;A092;
2892362709c244618672d8105ab1f977;553633cdeb3247a2b4065f0f6ad08ac0;;0;;A093;
dcd1406600ce417c950a6c84ebdc1302;553633cdeb3247a2b4065f0f6ad08ac0;;0;;0910;
ad02934afade4f5a8bbb24e902adf2cc;553633cdeb3247a2b4065f0f6ad08ac0;;0;;0912;
65ecbb3dc0af494995f2a2450115656e;553633cdeb3247a2b4065f0f6ad08ac0;;0;;A941;
e6e425b02c394285b35e4a09ecd84b94;553633cdeb3247a2b4065f0f6ad08ac0;;0;;A704;
35231255a6604218ab29cd8803adc6ce;553633cdeb3247a2b4065f0f6ad08ac0;;0;;0921;
e576057ea3c84414b1f585c061476cbc;553633cdeb3247a2b4065f0f6ad08ac0;;0;;0922;
8cf2f108d4d647a9b831b6ca445ddea9;553633cdeb3247a2b4065f0f6ad08ac0;;0;;0923;
f2e6dad7fdeb473ea2c1b938a6ab124f;553633cdeb3247a2b4065f0f6ad08ac0;;0;;A3833;
c42d6fc45a584d2eba7f9a8bbeac130a;553633cdeb3247a2b4065f0f6ad08ac0;;0;;A5110;
7e3cfe893bc645d4917239cf551edecf;553633cdeb3247a2b4065f0f6ad08ac0;;0;;A4899;
4c70b63a20bd496e8c3ccf318f3b9541;553633cdeb3247a2b4065f0f6ad08ac0;;0;;memory-engl-tiere;
75f17154b78b4e57af1485717bee5455;553633cdeb3247a2b4065f0f6ad08ac0;;0;;memory-engl-tiere-r-ckseite;
6bf672db81bf4eba82c6af3df0471965;553633cdeb3247a2b4065f0f6ad08ac0;;0;;memo-engl-obst-front;
086bb17037aa460a92856ae5028d49bd;553633cdeb3247a2b4065f0f6ad08ac0;;0;;memo-engl-obst-back;
232d8778e8454e988e16db021096c104;553633cdeb3247a2b4065f0f6ad08ac0;;0;;A4186;
491724a33ee949b9924ce1705184a8df;553633cdeb3247a2b4065f0f6ad08ac0;;0;;memo-tiere-pol;
2871c2df76794993a414af887b81d013;553633cdeb3247a2b4065f0f6ad08ac0;;0;;memo-tiere-back-pol;
4cb7265e5d6a4146b736a72dd9fa7f90;553633cdeb3247a2b4065f0f6ad08ac0;;0;;AP007;
c0faef20907d4e2f9b86e11e7a389327;553633cdeb3247a2b4065f0f6ad08ac0;;0;;memo-obst-pol;
f23a026774bb46d6980da1cc01d6634e;553633cdeb3247a2b4065f0f6ad08ac0;;0;;memo-obst-pol-back;
1722fe48abc248daa4574cd4f9d0fa6a;553633cdeb3247a2b4065f0f6ad08ac0;;0;;A710;
eda93fe3b4dc45ca8a8f9761e82479a3;553633cdeb3247a2b4065f0f6ad08ac0;;0;;A721;
b6b227d71bb544cb8b681ece4e5cfe03;553633cdeb3247a2b4065f0f6ad08ac0;;0;;A720;
10e7185ef4664652a2a9e9a5a2cdd581;553633cdeb3247a2b4065f0f6ad08ac0;;0;;A711;
6c9fa565aca04f59bef9cb02603d4f98;553633cdeb3247a2b4065f0f6ad08ac0;;0;;A611;
659e4ddf52184ba3af088a638aecfd62;553633cdeb3247a2b4065f0f6ad08ac0;;0;;3496;
d759aa0396a04bf39533f4b5cc7aa209;553633cdeb3247a2b4065f0f6ad08ac0;;0;;A136;
e13566d210bd4890a91574a98e27fb11;553633cdeb3247a2b4065f0f6ad08ac0;;0;;a599;
a5741d48ab76408491caf736e7c7cca3;553633cdeb3247a2b4065f0f6ad08ac0;;0;;6055;
36c67c9a7ca449019d9471569d23e882;553633cdeb3247a2b4065f0f6ad08ac0;;0;;A227;
fa474e28dce140f0903186dfa212166a;553633cdeb3247a2b4065f0f6ad08ac0;;0;;memo-tiere-rus;
24b27e809a8441c3b5409653794f6dc6;553633cdeb3247a2b4065f0f6ad08ac0;;0;;memo-tiere-rus-back;
df50a350e2cd4a45993e2c9a3628960b;553633cdeb3247a2b4065f0f6ad08ac0;;0;;memo-obst-rus;
9f00a9f6754143819068f223da9dbc75;553633cdeb3247a2b4065f0f6ad08ac0;;0;;memo-obst-rus-back;
dc072523f00448c98a6730dacc0bd1e3;553633cdeb3247a2b4065f0f6ad08ac0;;0;;A201;
b9a76d081eb04f6c9f1978243dc19150;553633cdeb3247a2b4065f0f6ad08ac0;;0;;A5868;
8014c1100c3c4931a1d3c5f3d39b4bbb;553633cdeb3247a2b4065f0f6ad08ac0;;0;;A5228;
55f477f23c994799a6cd20da739e7363;553633cdeb3247a2b4065f0f6ad08ac0;;0;;A5899;
4ac292251fe943b39607f0c4b986e812;553633cdeb3247a2b4065f0f6ad08ac0;;0;;A5875;
c00244d16111469ca5adac41cb21d9b4;553633cdeb3247a2b4065f0f6ad08ac0;;0;;A5874;
d6000b99e9514ab293b4fe8caf420653;553633cdeb3247a2b4065f0f6ad08ac0;;0;;Harita-new-2016;
6a0cd7fc47824c498810820dccd37703;553633cdeb3247a2b4065f0f6ad08ac0;;0;;Vorder-CD2-1;
8309821669524a9396bbfa595ba8653b;553633cdeb3247a2b4065f0f6ad08ac0;;0;;Rueck-CD2-1;
17e83e5988394983a4fb1f17a42adb3a;553633cdeb3247a2b4065f0f6ad08ac0;;0;;Vorder-CD1-1;
676d7817ebc0463a9b135a26d7cd03a3;553633cdeb3247a2b4065f0f6ad08ac0;;0;;Rueck-CD1-1;
ee084ed273d7444182ba73a8729ae707;553633cdeb3247a2b4065f0f6ad08ac0;;0;;A2729;
5e8d01539dfc4eb88b880b30690d4bf6;553633cdeb3247a2b4065f0f6ad08ac0;;0;;keloglancdoen;
2a6cb707fa0f40b7800c3d1477b2b1fb;553633cdeb3247a2b4065f0f6ad08ac0;;0;;keloglancdic1;
a3cacdca77034fe88de1d6370fa37282;553633cdeb3247a2b4065f0f6ad08ac0;;0;;keloglancdic2;
4047f875e62a47669cd430041fb4c516;553633cdeb3247a2b4065f0f6ad08ac0;;0;;keloglancdic3;
8107a629e4274981a2c66330998929fc;553633cdeb3247a2b4065f0f6ad08ac0;;0;;keloglancdic4;
ed7b1a44a7d543d9bc82a3e7b414fb27;553633cdeb3247a2b4065f0f6ad08ac0;;0;;keloglancdback5919840f8da36;
b8f21393fcf344c6975a653d0c306ba7;553633cdeb3247a2b4065f0f6ad08ac0;;0;;A3536;
3b0559941adb4dbcacdd180b546a621c;553633cdeb3247a2b4065f0f6ad08ac0;;0;;Buzcan_COVER_-2017_DRUCK_OK-Kopie;
5f170f832f6d4528ae81ed501a5a4abd;553633cdeb3247a2b4065f0f6ad08ac0;;0;;A192D;
1dd5f0cb59c9490d8a9f18fc029a0e03;553633cdeb3247a2b4065f0f6ad08ac0;;0;;maus-hause-rus;
3854116e21c0435b95f21647a3a57af1;553633cdeb3247a2b4065f0f6ad08ac0;;0;;maus-hause-rus-ic;
f32e1d08da764a569b1ba442e4fe4c8b;553633cdeb3247a2b4065f0f6ad08ac0;;0;;A1408;
927d80389d534c44955d88c040682fc7;553633cdeb3247a2b4065f0f6ad08ac0;;0;;A714563c609c01af9;
2609d07b453b40d7bcd880e1c5f1bc33;553633cdeb3247a2b4065f0f6ad08ac0;;0;;A4632willi;
379dc299aa844602bbadfadb3b1a0cb2;553633cdeb3247a2b4065f0f6ad08ac0;;0;;A4625;
2c38cbe38ef4429abf8fc86d1ff30b66;553633cdeb3247a2b4065f0f6ad08ac0;;0;;A4628;
f602493cd2d34036aa1babc8ff9f7c40;553633cdeb3247a2b4065f0f6ad08ac0;;0;;A4601;
e97529261a2344cc9ff628dc7cb88afd;553633cdeb3247a2b4065f0f6ad08ac0;;0;;A2218;
5647071590fd4d68b866718d7526c216;553633cdeb3247a2b4065f0f6ad08ac0;;0;;A2226;
92fc95610744438ebeec3d1bdf76a271;553633cdeb3247a2b4065f0f6ad08ac0;;0;;A3390;
e26a1ba9a83c44b580c51138481287cc;553633cdeb3247a2b4065f0f6ad08ac0;;0;;A3406;
a6cacede39b443a692f7980abbd7d504;553633cdeb3247a2b4065f0f6ad08ac0;;0;;A5486;
5e81c79b133144b39817c9b414513251;553633cdeb3247a2b4065f0f6ad08ac0;;0;;A5257;
b3ad719252b740369b11c10ae1f7e706;553633cdeb3247a2b4065f0f6ad08ac0;;0;;A3796;
12c13575a49841d58284f5c2995c73ab;553633cdeb3247a2b4065f0f6ad08ac0;;0;;A5448;
2021d9bb4e7a42d799f5741afc3f0d8b;553633cdeb3247a2b4065f0f6ad08ac0;;0;;A5431;
07896c1e001945c4a86a49511e2ede6e;553633cdeb3247a2b4065f0f6ad08ac0;;0;;A5424;
e7486588a3d54b2ba33e9831b46dafd2;553633cdeb3247a2b4065f0f6ad08ac0;;0;;A5417;
929dd29783e145d9b657b8e9462d88cd;553633cdeb3247a2b4065f0f6ad08ac0;;0;;A5493;
d6b2ebe4970e44f8bf283b75ba511288;553633cdeb3247a2b4065f0f6ad08ac0;;0;;ilke-und-mirko;
68b0430177874da7925e2da3198e979b;553633cdeb3247a2b4065f0f6ad08ac0;;0;;Tierolympiade;
98221ae1af9f4cadb006fcddd07a01f6;553633cdeb3247a2b4065f0f6ad08ac0;;0;;keloglan-im-land-der-verwirrung;
43de5eb153054c0f91d8a09b109397e7;553633cdeb3247a2b4065f0f6ad08ac0;;0;;arabisch;
312a1cd6f0874430b24c334d8ac1b085;553633cdeb3247a2b4065f0f6ad08ac0;;0;;Woerterbuch_arabisch;
1de9266a80d54129b570f05b3d83fb45;553633cdeb3247a2b4065f0f6ad08ac0;;0;;griechisch;
6ec759d6a3bc464ab24e8ac5686159b6;553633cdeb3247a2b4065f0f6ad08ac0;;0;;Woerterbuch_griechisch;
f8bb7aee6c2e4d34b7de7a05e526262f;553633cdeb3247a2b4065f0f6ad08ac0;;0;;kurdisch;
c38405650d22489f8c7ae6a403ef0788;553633cdeb3247a2b4065f0f6ad08ac0;;0;;Woerterbuch_kurdisch;
caec1e44627149078aa4b159a489fe82;553633cdeb3247a2b4065f0f6ad08ac0;;0;;polnisch;
8c13488e4bdd4c6795aa72fecc861c84;553633cdeb3247a2b4065f0f6ad08ac0;;0;;Woerterbuch_polnisch;
9ffc7c2b16414cbea3645b1e317e795c;553633cdeb3247a2b4065f0f6ad08ac0;;0;;rum-nisch;
8371ab09d3d7453ea14878ee76e464b4;553633cdeb3247a2b4065f0f6ad08ac0;;0;;Woerterbuch_rumaenisch;
a212901dbb824c01907b70bec523dcb5;553633cdeb3247a2b4065f0f6ad08ac0;;0;;russisch;
0440a36d951d4e0f9eac53f8bf5456a6;553633cdeb3247a2b4065f0f6ad08ac0;;0;;Woerterbuch_russisch564afb71e086b;
fccac5b485cd4ab7abeff02fdc6cc9f3;553633cdeb3247a2b4065f0f6ad08ac0;;0;;suchbuch;
bffb4156e692489b98d0413a100e3928;553633cdeb3247a2b4065f0f6ad08ac0;;0;;mms1;
315460c17c4448f9aaea09185f58fae7;553633cdeb3247a2b4065f0f6ad08ac0;;0;;mms2;
16da475dd4c04508bdbe9380533ab419;553633cdeb3247a2b4065f0f6ad08ac0;;0;;mms3;
2773372049b14802b5b063d69f9a4bf9;553633cdeb3247a2b4065f0f6ad08ac0;;0;;mms4;
7686585976ee436f9070751156427ffd;553633cdeb3247a2b4065f0f6ad08ac0;;0;;Zebra-arabisch;
722b6d7892dd437f869bc6771016c64a;553633cdeb3247a2b4065f0f6ad08ac0;;0;;6-7-1;
14bd982cb97a4936bd656430f041f93f;553633cdeb3247a2b4065f0f6ad08ac0;;0;;24-25-1;
ee11f39585c64a0dbc48516909f6d3d4;553633cdeb3247a2b4065f0f6ad08ac0;;0;;Mein-Koerper-arab;
08526b14075f47a286607e34f77269d9;553633cdeb3247a2b4065f0f6ad08ac0;;0;;Maus-MeinKoerper_arabisch_Seite2;
8f04d88c59c449b7ad2dcfd7a0608745;553633cdeb3247a2b4065f0f6ad08ac0;;0;;Maus-MeinKoerper_arabisch_Seite;
7668a487bb56440588b872ce9b94fad7;553633cdeb3247a2b4065f0f6ad08ac0;;0;;MeineFreunde-arab;
4dce120160be402889ab07885f01e5a9;553633cdeb3247a2b4065f0f6ad08ac0;;0;;Maus-MeineFreunde_arabisch_Seite;
d1e0b13c51d547748d9f348344826951;553633cdeb3247a2b4065f0f6ad08ac0;;0;;Maus-MeineFreunde_arabisch_Seite2;
226e881d80374604be10405a9f923531;553633cdeb3247a2b4065f0f6ad08ac0;;0;;zu-hause-arab-front;
a5f1eadaac8d4e029c782b2a9f0c87e4;553633cdeb3247a2b4065f0f6ad08ac0;;0;;zu-hause-arab-back;
358d7c80463245838254e19fe9f1e509;553633cdeb3247a2b4065f0f6ad08ac0;;0;;fahrzeuge-arab-front;
dd526e64ca7e43068d0fd423d75e381d;553633cdeb3247a2b4065f0f6ad08ac0;;0;;fahrzeuge-arab-back;
194fe18d15ae4e8cafe25516c99c2b49;553633cdeb3247a2b4065f0f6ad08ac0;;0;;elif-ba;
3b92f44c151f44899b205d65109e95e8;553633cdeb3247a2b4065f0f6ad08ac0;;0;;Spinelli_Umschlag-German-Tuerkisch-2015;
f36a387c0dac4199b712a80390004603;553633cdeb3247a2b4065f0f6ad08ac0;;0;;A605656bc482f8fd52;
560d6c8aae0f47b08b74abf1aa35abc7;553633cdeb3247a2b4065f0f6ad08ac0;;0;;156bc68d01071f;
f443fadd39594b698d9bb73fa94be07b;553633cdeb3247a2b4065f0f6ad08ac0;;0;;256bc68ea08e5e;
b47ddce402b747a2ad80587dbae4ec1d;553633cdeb3247a2b4065f0f6ad08ac0;;0;;3;
810b88a756134222b97f330f373303d6;553633cdeb3247a2b4065f0f6ad08ac0;;0;;A6049;
bd9527c907d24deaad9a93946e41a18a;553633cdeb3247a2b4065f0f6ad08ac0;;0;;1von2-muhammad;
40471fcfde8f477a8726e320ff80f4dd;553633cdeb3247a2b4065f0f6ad08ac0;;0;;2von2-muhammad;
d8aaa6202667462588bfdbebc5a9bd59;553633cdeb3247a2b4065f0f6ad08ac0;;0;;POSTER-Obst_arab_2015_A1;
b81777a7a87f45b8aee27da0be60de05;553633cdeb3247a2b4065f0f6ad08ac0;;0;;Kinderbuchkatalog-ANADOLU-2020-2021_Seite_01;
4af77d0751c14bad8ab62835411fd6c9;553633cdeb3247a2b4065f0f6ad08ac0;;0;;9783861215714;
ca9568482a66436daf2c434f989be5ce;553633cdeb3247a2b4065f0f6ad08ac0;;0;;9783861216766;
34832a283aa94f4ea5851a0336ae7605;553633cdeb3247a2b4065f0f6ad08ac0;;0;;9783861215721;
b19f9288ccee492fb576bca1ef8ba500;553633cdeb3247a2b4065f0f6ad08ac0;;0;;9783861216797;
ef5196a932434e8fabd583f1ac029131;553633cdeb3247a2b4065f0f6ad08ac0;;0;;9783861216827;
96f094f2c55b462cbc3280dd421cb89c;553633cdeb3247a2b4065f0f6ad08ac0;;0;;9783861215646;
f6eef8163bfe433996ce98e217e6afd5;553633cdeb3247a2b4065f0f6ad08ac0;;0;;9783861215660;
02541a97f457493190f65b0570b67e26;553633cdeb3247a2b4065f0f6ad08ac0;;0;;9783861215677;
a573ceb08c9449d4abee91103293aed4;553633cdeb3247a2b4065f0f6ad08ac0;;0;;9783861215684;
b33d61be91cc41dbae49833aa83f0182;553633cdeb3247a2b4065f0f6ad08ac0;;0;;978386121675957bdbac543855;
3702449511d64f02913a90bc778b0f13;553633cdeb3247a2b4065f0f6ad08ac0;;0;;9783861216780;
c9c03762fd344a3a96b39d348c881bc9;553633cdeb3247a2b4065f0f6ad08ac0;;0;;9783861216810;
7c2f08ef9d6c43ceaabf66b0a4da335b;553633cdeb3247a2b4065f0f6ad08ac0;;0;;978386121565357be216634c0d;
5413724a30b64a4c95714bc5040a5163;553633cdeb3247a2b4065f0f6ad08ac0;;0;;9783861216803;
cb983204c3324299a4338355f04dbf1d;553633cdeb3247a2b4065f0f6ad08ac0;;0;;9783861216773;
892dae546b9a4ad2abd0a49dbdc9c24c;553633cdeb3247a2b4065f0f6ad08ac0;;0;;9783861216735;
a1d1852c680f4b398ebc89d580a63340;553633cdeb3247a2b4065f0f6ad08ac0;;0;;9783861216728;
a51be798d80c4eb2a0097f1003195c36;553633cdeb3247a2b4065f0f6ad08ac0;;0;;9783861216681;
1885a8dc5d7b49299a1533fcd27b6a65;553633cdeb3247a2b4065f0f6ad08ac0;;0;;9783861216643;
86700e265aa147428b5a46e51ff4cb85;553633cdeb3247a2b4065f0f6ad08ac0;;0;;9783861216667;
985af3f44bfc46b98ee23ce553a4dc63;553633cdeb3247a2b4065f0f6ad08ac0;;0;;Bilderwoerterbuch_pers;
453b8179aeb44d6e85ad898ccdc53513;553633cdeb3247a2b4065f0f6ad08ac0;;0;;Ramadan_COVER_German-Tuerk;
3f140182234846dabe09a9982b94bf30;553633cdeb3247a2b4065f0f6ad08ac0;;0;;Ramadan_tuerk_innen;
7087dfa611934ec5bd8a044e7c37b407;553633cdeb3247a2b4065f0f6ad08ac0;;0;;Ramadan_COVER_German-Arab;
859517534a6349e5b55b4b6e375d28ea;553633cdeb3247a2b4065f0f6ad08ac0;;0;;Ramadan_arab_innen;
d46b6bb65d9a4529afdad74c615c9a0b;553633cdeb3247a2b4065f0f6ad08ac0;;0;;Schaf_Cover_German-Tuerk;
f1f1291eaf4243a9bb6b959f8cf3d56e;553633cdeb3247a2b4065f0f6ad08ac0;;0;;Maerchen_Schaf-tuerk_innen;
2e9436773b044de0bda63021bb8af430;553633cdeb3247a2b4065f0f6ad08ac0;;0;;Schaf_Cover_German-Arab;
6834db36845f4e23bb7aa376f1363f26;553633cdeb3247a2b4065f0f6ad08ac0;;0;;Maerchen_Schaf-arab_innen;
79b417a94732492ea5433469eaee9d47;553633cdeb3247a2b4065f0f6ad08ac0;;0;;norman-cover;
2cbea6f949b04d0d92d04d18c4bde5df;553633cdeb3247a2b4065f0f6ad08ac0;;0;;norman-ici;
1c24ac0b9f5f427f89a9494e0cc62fa8;553633cdeb3247a2b4065f0f6ad08ac0;;0;;Vorder-CD7-1;
7cce8b9d84e54d2d847d607e3c549bc1;553633cdeb3247a2b4065f0f6ad08ac0;;0;;Rueck-CD7-1;
393f46df27bc49e5a842346dbc1d8629;553633cdeb3247a2b4065f0f6ad08ac0;;0;;Vorder-CD3-1;
91c75dee22184c0f99514cdefca8b6ca;553633cdeb3247a2b4065f0f6ad08ac0;;0;;Rueck-CD3-1;
34ab093806f7409aaa7b17c7c18916c3;553633cdeb3247a2b4065f0f6ad08ac0;;0;;Cover_Panda_Okuma_1_Druck_OK;
253343cff6cf4ff2ba7ca1338adf04b9;553633cdeb3247a2b4065f0f6ad08ac0;;0;;Cover_Panda_Calisma_1_Druck_OK;
065f287fce8e424499e3959415c311e8;553633cdeb3247a2b4065f0f6ad08ac0;;0;;cover11;
3e5b8b5a8eac4cd9afe9a62db3fbd6ba;553633cdeb3247a2b4065f0f6ad08ac0;;0;;cover12;
6ea32b983c4248a3a05bf7b14a90bb94;553633cdeb3247a2b4065f0f6ad08ac0;;0;;pfannev;
2ce56075e8f74a9b967357ff2ce9d02a;553633cdeb3247a2b4065f0f6ad08ac0;;0;;pfanneh;
15b25a3a6e2a4947a6ea58a531dc4d27;553633cdeb3247a2b4065f0f6ad08ac0;;0;;cover21;
3bfa7ded48f54508bbca913f5d9a1d45;553633cdeb3247a2b4065f0f6ad08ac0;;0;;cover22;
0b0ad02ca5784da5b57e1cc0f1f84dd8;553633cdeb3247a2b4065f0f6ad08ac0;;0;;schafv;
e67527c816ca461d9fc601351322d28a;553633cdeb3247a2b4065f0f6ad08ac0;;0;;schafh;
7902511c77fb41beab4dd9409f203a50;553633cdeb3247a2b4065f0f6ad08ac0;;0;;Keloglan-COVER_German_Tuerkisch;
271b8148a34342adb387013bfe559f0f;553633cdeb3247a2b4065f0f6ad08ac0;;0;;KeloglanDonat_tuerk_innen;
4ad37c3162f641cc920008037caad243;553633cdeb3247a2b4065f0f6ad08ac0;;0;;Prinz_Cover_tuerk;
4888b98f365b4b7fbdca7ec3985866e7;553633cdeb3247a2b4065f0f6ad08ac0;;0;;Der-kleine-Prinz_innen_tuerk;
76f407e5a5a046aa8bc3d05c606eb288;553633cdeb3247a2b4065f0f6ad08ac0;;0;;Prinz_Cover_arab;
31c727dd109946d2bc5be5354cc55892;553633cdeb3247a2b4065f0f6ad08ac0;;0;;Der-kleine-Prinz_innen_arab;
77d97650f52a4feaa66641784eefd2f2;553633cdeb3247a2b4065f0f6ad08ac0;;0;;Prinz_Cover_kurd;
6cddcf88e16249c18f1a2074ad7c9a43;553633cdeb3247a2b4065f0f6ad08ac0;;0;;Der-kleine-Prinz_innen_kurd;
29f957a55df445f9a9d5fdc1d9d17e0a;553633cdeb3247a2b4065f0f6ad08ac0;;0;;Prinz_Cover_pol;
81e522637f5b4e36bfacd20f388fa19b;553633cdeb3247a2b4065f0f6ad08ac0;;0;;Der-kleine-Prinz_innen_pol;
5601f96b90364ecbb967e0d76ea09c34;553633cdeb3247a2b4065f0f6ad08ac0;;0;;staunen-und-verstehen;
00a455d0b48a48c9bfb8f5889a592876;553633cdeb3247a2b4065f0f6ad08ac0;;0;;Cover_DilTarihCografia_2018_Druck_OK;
be5e8483e51e40969398191ece0ffe44;553633cdeb3247a2b4065f0f6ad08ac0;;0;;etik-set-umschlag;
e901fc64ad6b41bfb1bdc14bd14ded30;553633cdeb3247a2b4065f0f6ad08ac0;;0;;Seiten-aus-katalog-Kind-2018;
0a97bdeecdbd40b1943ce036b4e1648c;553633cdeb3247a2b4065f0f6ad08ac0;;0;;etik-set-arka_umschlag;
39046e07a195474782c1c1f72e84022c;553633cdeb3247a2b4065f0f6ad08ac0;;0;;Oku-Boya-Yaz-1;
a4eeab72a6204b37b98d1f4b6fe50892;553633cdeb3247a2b4065f0f6ad08ac0;;0;;Oku-Yaz-Boya-Final_Seite_01;
5b3634403b904313865ddfd66d39f7eb;553633cdeb3247a2b4065f0f6ad08ac0;;0;;Oku-Yaz-Boya-Final_Seite_02;
74ec3881f44541639f99f860aa420537;553633cdeb3247a2b4065f0f6ad08ac0;;0;;Oku-Yaz-Boya-Final_Seite_03;
5eee49908d424b74a9526bbceeef7308;553633cdeb3247a2b4065f0f6ad08ac0;;0;;Oku-Yaz-Boya-Final_Seite_04;
947669f0bf844757a2c37c975d0e08e4;553633cdeb3247a2b4065f0f6ad08ac0;;0;;Oku-Yaz-Boya-Final_Seite_05;
2a8fdbbb4acd4e418581709e80f61d10;553633cdeb3247a2b4065f0f6ad08ac0;;0;;Oku-Yaz-Boya-Final_Seite_06;
877f717fcf7742b9827d3dbe08a30254;553633cdeb3247a2b4065f0f6ad08ac0;;0;;Oku-Yaz-Boya-Final_Seite_07;
99c1d07864b44f08992dce77a8f34c8d;553633cdeb3247a2b4065f0f6ad08ac0;;0;;Oku-Yaz-Boya-Final_Seite_09;
a9a6a16d698d4123ae74c7338faaf1e7;553633cdeb3247a2b4065f0f6ad08ac0;;0;;Oku-Yaz-Boya-Final_Seite_10;
e4fa9bd0dc7e46c6b1583372cd2ef2ca;553633cdeb3247a2b4065f0f6ad08ac0;;0;;Oku-Yaz-Boya-Final_Seite_08;
9f899fcba18c4b67b865f4f169c07da0;553633cdeb3247a2b4065f0f6ad08ac0;;0;;Staunen_u_Verstehen;
60797df11432480ba8191cfbac8721ac;553633cdeb3247a2b4065f0f6ad08ac0;;0;;Cover_Panda2_Calisma;
f4eb7ae077904345916237f67d6c73fb;553633cdeb3247a2b4065f0f6ad08ac0;;0;;Cover_Panda2_Okuma;
938c1c030a5c41a2ab58c9ee64b5779c;553633cdeb3247a2b4065f0f6ad08ac0;;0;;Oku-Boya-Yaz-2;
6f6ecd66cfdf4acdab27a4fe73595ac6;89a3e455099b44a59b4321c70e41b825;;0;;arabisch5641c0ea6c668;
eff3e5c74da14e23a6a47081db40c0b4;cb51a66df3544a049fc0fa1f5782dca5;;0;;aaCover_Bilderwoerterbuch_klein-2015;
a27e1250f4964c76b807ba58e0881053;cb51a66df3544a049fc0fa1f5782dca5;;0;;new;
33e3710e6b964caa8e0756a186a8955b;cb51a66df3544a049fc0fa1f5782dca5;;0;;dpd;
34a7ed5ef42d405baff9e262b4f28445;cb51a66df3544a049fc0fa1f5782dca5;;0;;Mein-M-rchen-Suchbuch-bersetzung;
fe9c058a7a2e48f4b3928f8dac05e85a;89a3e455099b44a59b4321c70e41b825;;0;;sliderintro;
cbddb840d4164429b1bcc59b4480f348;89a3e455099b44a59b4321c70e41b825;;0;;sliderintro1;
f123550f580a4be5b9baff3a3d884114;89a3e455099b44a59b4321c70e41b825;;0;;sliderintro2;
8c7f01304f9845d9b055e5bb5978ead8;89a3e455099b44a59b4321c70e41b825;;0;;sliderintro3;
b29cc03e8f9d45ac8f2603ee4a86a1a5;89a3e455099b44a59b4321c70e41b825;;0;;Schulbuchkatalog_Cover-2015-16_Druck_OK-1;
8c0ee428355f40c280c34b6509a662c3;cb51a66df3544a049fc0fa1f5782dca5;;0;;email_header;
12017bc265af4488918735198aa28a61;cb51a66df3544a049fc0fa1f5782dca5;;0;;aaCover_Bilderwoerterbuch_klein-20155645b19d4660c;
d89c8d324d0d4cf5b59b35b6f58c0b1e;cb51a66df3544a049fc0fa1f5782dca5;;0;;favicon;
bc7f516b95fd4eee82590ccfba4dcd00;cb51a66df3544a049fc0fa1f5782dca5;;0;;180x180;
4196a82565fb48c4b1007da4af526da9;cb51a66df3544a049fc0fa1f5782dca5;;0;;150x150;
e2e2928d091a43768466780b4b1f92ac;cb51a66df3544a049fc0fa1f5782dca5;;0;;anafav;
17d70082a25545268f4657fa59759967;cb51a66df3544a049fc0fa1f5782dca5;;0;;anafav564b6d89695c9;
eac0e5b9955b453da9224d5df0bd0c37;cb51a66df3544a049fc0fa1f5782dca5;;0;;googlefa3871ad5b880f98;
dadec5554fd1484eaac0f0279ea44163;cb51a66df3544a049fc0fa1f5782dca5;;0;;Keloglan-im-Land-der-Stummen;
7cc416ea565643359c3b3292ecaf3ebd;cb51a66df3544a049fc0fa1f5782dca5;;0;;Buzcan-Bilderbuchkino;
2490f3d7d0ee40e4b3ef07fca0300d13;cb51a66df3544a049fc0fa1f5782dca5;;0;;125a3135c774d26;
53df87279705430caa28352c52de19f2;cb51a66df3544a049fc0fa1f5782dca5;;0;;geschlossen-Kopie;
5964a4fee9d74146a7df54416fd5c451;cb51a66df3544a049fc0fa1f5782dca5;;0;;geschlossen-Kopie5a3139112461d;
c076a219ed1849daacb092a1f70369cd;cb51a66df3544a049fc0fa1f5782dca5;;0;;anadolu-junior-footer;
75ca19bf294f4802874627cfcd3ac0e2;cb51a66df3544a049fc0fa1f5782dca5;;0;;banner;
0d2ed736571b4f2fb07c57393864d202;553633cdeb3247a2b4065f0f6ad08ac0;;0;;1b98b16813a44fcea9c7d94c047c55d0_d;
a6c89b98d4864eef8e25ca560af23169;553633cdeb3247a2b4065f0f6ad08ac0;;0;;42b3fa3997cb46e79bd1bcb99b0d7b11_d;
3ea4b0aa01a94e65bb1d474be2476d16;553633cdeb3247a2b4065f0f6ad08ac0;;0;;pilot-1;
ba59554e40d34ddc845b919f591e8fc6;553633cdeb3247a2b4065f0f6ad08ac0;;0;;pilot-1-cd;
f1de77be302c44df8aaaa312e413f88e;553633cdeb3247a2b4065f0f6ad08ac0;;0;;zebra-1-2-schwedisch;
b5f6c0d57fd94214b211ab06eac91052;553633cdeb3247a2b4065f0f6ad08ac0;;0;;Harf-Metoduyla-Okuma-Yazma;
d21625aaeb6646baab7695c82072d3c0;553633cdeb3247a2b4065f0f6ad08ac0;;0;;A4359;
9b319dfcb5e449728111d2ccef5d6c47;553633cdeb3247a2b4065f0f6ad08ac0;;0;;A5547;
98bd5051e9434a76ba5de829b3d23932;553633cdeb3247a2b4065f0f6ad08ac0;;0;;A5477;
75f8cf71a92b4d71b382878dd6e71968;553633cdeb3247a2b4065f0f6ad08ac0;;0;;Pilot-2;
6d46545bdb5a4464a67632e1e5090243;553633cdeb3247a2b4065f0f6ad08ac0;;0;;Pilot-2-AH;
5d915ae6c2c34968a44221e29c16eb11;553633cdeb3247a2b4065f0f6ad08ac0;;0;;Zebra-1-2;
dcf1fcafcfda464ba30bfa98f5d0fc0e;553633cdeb3247a2b4065f0f6ad08ac0;;0;;pilot-calisma;
0a7117a8bb204a47bf1f67dadb6319ef;553633cdeb3247a2b4065f0f6ad08ac0;;0;;A5530;
f66d0775493f439b9bd1bc21ad102ce8;553633cdeb3247a2b4065f0f6ad08ac0;;0;;A55305628e85e9e982;
c2c3be7de24d48db9463b1316e8d26b6;553633cdeb3247a2b4065f0f6ad08ac0;;0;;Mehrsprachiges-Aufdeckspiel-Tiere;
cb31c682c644483991387886718df2e3;553633cdeb3247a2b4065f0f6ad08ac0;;0;;Mehrsprachiges-Aufdeckspiel-Tiere5628e8a6b7a28;
daedf0d41f1f4b4183cb688e176feb21;553633cdeb3247a2b4065f0f6ad08ac0;;0;;Mehrsprachiges-Aufdeckspiel-Tiere5628e8e98c14d;
972fbb2088e54565ab4b5be7a5690071;553633cdeb3247a2b4065f0f6ad08ac0;;0;;Mehrsprachiges-Aufdeckspiel-Tiere5628e9278a44c;
9d57a7cf0fb64b8788c52c1fed96587a;553633cdeb3247a2b4065f0f6ad08ac0;;0;;A54775628e9acba171;
b6f942a0fc084b8a9db5d01584e7d3f4;553633cdeb3247a2b4065f0f6ad08ac0;;0;;A5530-2;
0b627985a42a45a6bd5fd2075209bbfa;553633cdeb3247a2b4065f0f6ad08ac0;;0;;A3062;
1a8584632752493a99632c2312a16e8b;89a3e455099b44a59b4321c70e41b825;;0;;sliderintro4;
d324f88ca52449ab9dc5375204d54c0c;89a3e455099b44a59b4321c70e41b825;;0;;Bilderwoerterbuch_Anadolu5656ed9b99486;
e6ad6b502aed4c3c8cf6c53b84f4198e;89a3e455099b44a59b4321c70e41b825;;0;;didacta;
688e224585944103bdab8e675a01446f;89a3e455099b44a59b4321c70e41b825;;0;;expo;
743add3fedfc4b409c1b58a0be1a75f9;89a3e455099b44a59b4321c70e41b825;;0;;slider-internet;
f49bc7a9c65d45518e47a74965c8e1df;89a3e455099b44a59b4321c70e41b825;;0;;ramadan-slider;
74d92bffade943fca9e5a62131ab1d19;89a3e455099b44a59b4321c70e41b825;;0;;Bilderwoerterbuch_slider;
70d028a394914f62938f4faa87a864d5;89a3e455099b44a59b4321c70e41b825;;0;;new-year;
112df3b23ac9483eb138ff219e424ddb;89a3e455099b44a59b4321c70e41b825;;0;;12;
f0036f112ec049f9b614b4bd277eddc6;89a3e455099b44a59b4321c70e41b825;;0;;geschlossen-Kopie5a313a6d88f45;
9528bada6e9d42c2819ae50f4e2cff06;89a3e455099b44a59b4321c70e41b825;;0;;der_kleine_prinz_1472x979px_180718_EW01;
d7e4cefeb58043f5803b1902ef93af32;89a3e455099b44a59b4321c70e41b825;;0;;der_kleine_prinz_1472x979px_180718_EW02;
39ccd1c727ce4949bbbeac48c2a8de9b;669e73a6fe7b40fdb2d1406d67d2f36d;;0;;betriebsferien;
4592d670284e4b378268a03b9f3f1f47;89a3e455099b44a59b4321c70e41b825;;0;;banner-didacta-2019;
e088452076404ac7b7e0326f405f09d9;89a3e455099b44a59b4321c70e41b825;;0;;banner-didacta-2019-2;
af68efce02824f469932eb8bdfc48954;89a3e455099b44a59b4321c70e41b825;;0;;bannerbkdchtFskQRoG;
8b576ee8a5254ec99789727e3641e8f0;89a3e455099b44a59b4321c70e41b825;;0;;banner_klein;
58f1ced0a93549598f57c8dda173e232;89a3e455099b44a59b4321c70e41b825;;0;;karabalik-homepage-Kopie;
5ba19c32755a4491aa3baf918bab4a85;89a3e455099b44a59b4321c70e41b825;;0;;karabalik-homepage-Kopieuiw2klWMSPGp5;
1abe306248d94903a51a93f0b2408882;89a3e455099b44a59b4321c70e41b825;;0;;karabalik-homepage-Kopie6wXebnCP1zCXx;
326f56189be24b298d53e8495b88e217;89a3e455099b44a59b4321c70e41b825;;0;;karabalik-homepage-KopieExGe96dWI4qc5;
1fe0331a19a64ac88165448798e551af;89a3e455099b44a59b4321c70e41b825;;0;;werbebanner-homepage-Kopie;
5ed50f4324e84604b2994e1ae9ab9f86;553633cdeb3247a2b4065f0f6ad08ac0;;0;;A3314;
48d53ad35f5046069435fcbf11b63b73;553633cdeb3247a2b4065f0f6ad08ac0;;0;;A3321;
5da26d069e30478dac84ef2e53e38917;553633cdeb3247a2b4065f0f6ad08ac0;;0;;Flashcards-Front;
09fe13411a1c437d835b77d66796aa45;553633cdeb3247a2b4065f0f6ad08ac0;;0;;Flashcards;
687db7bdb2b44b658b740e912ad641df;553633cdeb3247a2b4065f0f6ad08ac0;;0;;Flashcards-Inside;
343d4a3c75c042b7a69c55474b34c05c;553633cdeb3247a2b4065f0f6ad08ac0;;0;;Elmar-Wetter-Inside-Arab;
7838254139ff48e6ac09ed66eef433b5;553633cdeb3247a2b4065f0f6ad08ac0;;0;;Elmar-Wetter-Front-Arab;
92faa8d4a8d348d2b059a9997e0248b9;553633cdeb3247a2b4065f0f6ad08ac0;;0;;Elmar-Wetter-Inside-Arab562a0345bce98;
8c4e96a77a204c9f8d798df156449747;553633cdeb3247a2b4065f0f6ad08ac0;;0;;A5000;
9f908a197867409aaea3f28439b9986e;553633cdeb3247a2b4065f0f6ad08ac0;;0;;A5001;
d9d6913af2524fe3aa9e131ea856b62e;553633cdeb3247a2b4065f0f6ad08ac0;;0;;a5000;
0894cd2ecad74a269653ab5aa701fdb6;553633cdeb3247a2b4065f0f6ad08ac0;;0;;elmar-freunde-inside;
b124cfff35a5455fbd4380b7c88895f7;553633cdeb3247a2b4065f0f6ad08ac0;;0;;elmar-freunde-cover-arab;
799ee3a0cc334106b2069129f8aca790;553633cdeb3247a2b4065f0f6ad08ac0;;0;;elmar-freunde-inside-arab;
c1bd80e665dd4aa1a480342709cf915a;553633cdeb3247a2b4065f0f6ad08ac0;;0;;A503562a0cd7eaf6e;
db814f540f9f48c8aeb8ff68bdf7fb0d;553633cdeb3247a2b4065f0f6ad08ac0;;0;;elmar-freunde-innen;
6c35bad6ad8c46f09170b732e9e16985;553633cdeb3247a2b4065f0f6ad08ac0;;0;;elmar-farben;
ef4c16a8fd094489b8fd9bbf259fa16e;553633cdeb3247a2b4065f0f6ad08ac0;;0;;elmar-farben-innen;
54b7e0d3e84843799b1bb968454ad0a8;553633cdeb3247a2b4065f0f6ad08ac0;;0;;AT188;
4856dad9aed54361a53e82a39dd4e18c;553633cdeb3247a2b4065f0f6ad08ac0;;0;;A6000;
708681f5a388438481c6ad93bc08c47e;553633cdeb3247a2b4065f0f6ad08ac0;;0;;A6001;
4ebe296eb32d410a86bd2a9f999be0f3;553633cdeb3247a2b4065f0f6ad08ac0;;0;;A3765;
b8657e7eab0a41fc99abb0a060e32a0b;553633cdeb3247a2b4065f0f6ad08ac0;;0;;A627;
97ea56146a1245b5a33da39ce83bf7a4;553633cdeb3247a2b4065f0f6ad08ac0;;0;;A627562de3d867c1c;
80e54df7cbf44ab5948eb86ee5b4efa7;553633cdeb3247a2b4065f0f6ad08ac0;;0;;A543;
052f2e8021bc414a9bbfb9374f5f99ad;553633cdeb3247a2b4065f0f6ad08ac0;;0;;A7001;
db931769c0bd49b0bdfc047fc95ab271;553633cdeb3247a2b4065f0f6ad08ac0;;0;;A3765562dec50be7db;
462fed1a3b414f86b5971a23fd7fdac1;553633cdeb3247a2b4065f0f6ad08ac0;;0;;A714;
5e456041f23c4ee4a0f9ccb99b31a80a;553633cdeb3247a2b4065f0f6ad08ac0;;0;;Flashcards-Front56308c7d1f8f3;
9315822f3a104cbb887ae19121e70804;553633cdeb3247a2b4065f0f6ad08ac0;;0;;Flashcards-nudeln-front;
9af81ed8de5844c098e2bfb93326c70e;553633cdeb3247a2b4065f0f6ad08ac0;;0;;Flashcards56308cb8afea4;
ed8eaf3d8c064abc9769ed40d3ebe2d1;553633cdeb3247a2b4065f0f6ad08ac0;;0;;the-town-balanced-on-the-wind;
a4f7baf7b4a544e5a2ea0c9dfa2d3acf;553633cdeb3247a2b4065f0f6ad08ac0;;0;;my-friends56309dd4a0a3e;
f0646fe1538040c68c79d647d1de3042;553633cdeb3247a2b4065f0f6ad08ac0;;0;;elmar-snow;
17a9cedd6de24b4ba63b541c6cc65779;553633cdeb3247a2b4065f0f6ad08ac0;;0;;elmar-snow-ic;
31ddece241704111b9262de00a9a5860;553633cdeb3247a2b4065f0f6ad08ac0;;0;;ein-tag-mit-elmar-front-arab5630e65ec61a3;
286907d7925848a4ab46c8ec4a5b203c;553633cdeb3247a2b4065f0f6ad08ac0;;0;;tag-mit-elmar-franz-ic;
34cc8a29bb844beea57e1077bca236cb;553633cdeb3247a2b4065f0f6ad08ac0;;0;;A140;
cd097815eaff446abc48d87120a6b140;553633cdeb3247a2b4065f0f6ad08ac0;;0;;AT2222;
f735c9fa4a424695b0e2e67c9009f47f;553633cdeb3247a2b4065f0f6ad08ac0;;0;;quartett-alg-begr-1-pol;
f6c3d126fe2e47a0b39d1b7c401ae5f5;553633cdeb3247a2b4065f0f6ad08ac0;;0;;A4571;
39a612f69988470ab232362ac41ab44a;553633cdeb3247a2b4065f0f6ad08ac0;;0;;6496;
5704e34110314fbf818e6339509b22ef;553633cdeb3247a2b4065f0f6ad08ac0;;0;;6499;
c550e8c070824c0f927e7470721d84be;553633cdeb3247a2b4065f0f6ad08ac0;;0;;1076;
2141f3da6bf0486bb543d9ccb1704f4e;553633cdeb3247a2b4065f0f6ad08ac0;;0;;A890;
91a0fa13bb514b64a73469c95d8e2208;553633cdeb3247a2b4065f0f6ad08ac0;;0;;A599;
d41e124c076a4fe79622304fd6b371d9;553633cdeb3247a2b4065f0f6ad08ac0;;0;;TKA11;
0d7d3e578b35419a988f824b9b6ee8e0;553633cdeb3247a2b4065f0f6ad08ac0;;0;;TKA1;
65f40b26484a4118b2e1d22101ea3c83;553633cdeb3247a2b4065f0f6ad08ac0;;0;;TKA3;
29840774c5094129ae5803b1d33b7597;553633cdeb3247a2b4065f0f6ad08ac0;;0;;quartett-kleidung-pol;
516a2c62a3244899a5215cb6fba5de4c;553633cdeb3247a2b4065f0f6ad08ac0;;0;;quartett-fahrzeuge-pol;
382af64676c14d239b400d512130ac0e;553633cdeb3247a2b4065f0f6ad08ac0;;0;;quartett-tiere-pol;
ef72efd54bbf4195b482af42d8a7e200;553633cdeb3247a2b4065f0f6ad08ac0;;0;;TKA35;
46a935af8f454a36ab7b2d8a39ab13ad;553633cdeb3247a2b4065f0f6ad08ac0;;0;;TKA39;
58e33ec8fcd243fe883f3c9cc5d77ac2;553633cdeb3247a2b4065f0f6ad08ac0;;0;;TKA4056387c114e7c1;
d0b9ab63b04a4da791f768702c422a51;553633cdeb3247a2b4065f0f6ad08ac0;;0;;TKA60;
6552d089428f42a4bbbdb92d3ecb6814;553633cdeb3247a2b4065f0f6ad08ac0;;0;;TKA63;
799b14b7459c4302a184140ed67c7bdf;553633cdeb3247a2b4065f0f6ad08ac0;;0;;A5851;
7f2e1182e0ff427ab55300fb63afc491;553633cdeb3247a2b4065f0f6ad08ac0;;0;;A5820;
9de5cafa68084770a9b7388c8111fa80;553633cdeb3247a2b4065f0f6ad08ac0;;0;;A5790;
5671df034d6d4ec6bd9ec20d6af156d1;553633cdeb3247a2b4065f0f6ad08ac0;;0;;A5783;
0d124d8c7c9e4a438d5abc2ddef4087b;553633cdeb3247a2b4065f0f6ad08ac0;;0;;A2382;
54b22514e0b84cf490ef8edc7cb5b78a;553633cdeb3247a2b4065f0f6ad08ac0;;0;;A3130;
65a37e2bcf754f8c9ad5676008d0971a;553633cdeb3247a2b4065f0f6ad08ac0;;0;;A2046;
1f4a2e7019d045d88bb9e88dc4bf0294;553633cdeb3247a2b4065f0f6ad08ac0;;0;;A714563b35df778d6;
7a187bc8ece0464c86e5c352a3264426;553633cdeb3247a2b4065f0f6ad08ac0;;0;;zebra-6-7;
a2ffffc4e61c47fcaecd5d3a6b949cc5;553633cdeb3247a2b4065f0f6ad08ac0;;0;;A3338563c6d8ae720e;
b0edbca699c641dfbfe552c1149767b8;553633cdeb3247a2b4065f0f6ad08ac0;;0;;A4632;
d358375f315d4712a77812dbb3d6b635;553633cdeb3247a2b4065f0f6ad08ac0;;0;;a627;
b684936277ed4e3aa58fbf6f587efd76;553633cdeb3247a2b4065f0f6ad08ac0;;0;;Woerterbuch_russisch;
082316c8003847b3b3581c44aa8ad9c0;553633cdeb3247a2b4065f0f6ad08ac0;;0;;A6056;
010edbc1415d48a6bd414e45a86063ae;553633cdeb3247a2b4065f0f6ad08ac0;;0;;1;
f1edabd3adb64bd485262f2c3aa935b0;553633cdeb3247a2b4065f0f6ad08ac0;;0;;2;
d2e5d3afcfb84acbbc35a2076c2ad4c7;553633cdeb3247a2b4065f0f6ad08ac0;;0;;Mehrsprachige-Kinderb-cher-1;
0222250cab2644d1ad9a91d3be45cb86;553633cdeb3247a2b4065f0f6ad08ac0;;0;;Schulb-cher;
f5385310f31d408aa86cdfbc947d254c;553633cdeb3247a2b4065f0f6ad08ac0;;0;;Keloglan-im-Land-der-Stummen-1;
e3c1edcc2a8e4b72a44552481580d7c8;553633cdeb3247a2b4065f0f6ad08ac0;;0;;Bilderbuchkino-Titelbild;
1ea7544c6af74198af022cf5b3cff700;553633cdeb3247a2b4065f0f6ad08ac0;;0;;Bilderbuchkino-Titelbild573d92c738d3f;
100ce79dd6e5414e8f3cb834c6746a4b;553633cdeb3247a2b4065f0f6ad08ac0;;0;;Keloglan-im-Land-der-Stummen-1573d9f3b1a7ab;
93d83a02054e4b6fb2bbc8c39034c2fa;553633cdeb3247a2b4065f0f6ad08ac0;;0;;9783861215653;
161d9a11514948ed89a0d307a1b25f80;553633cdeb3247a2b4065f0f6ad08ac0;;0;;9783861216759;
ff74bb86e0244e938aa76634246edee2;553633cdeb3247a2b4065f0f6ad08ac0;;0;;Ramadan_tuerk-Kopie;
dd6609bd6a9945c3b69a292488382359;553633cdeb3247a2b4065f0f6ad08ac0;;0;;Ramadan_arab-Kopie;
ac3937ff85d64053bc184a8b4754424f;3aa801d71adb4d2ea0169b1a010e5775;;0;;logo-shopware;
d11346ee294d47c0ac2a1a02e0d93a6a;3aa801d71adb4d2ea0169b1a010e5775;;0;;junior-home-logo;
e9a25f491d214db093faf754358a7a24;3aa801d71adb4d2ea0169b1a010e5775;;0;;logo-homepage;
b8f1fcf058184bac8ab966b6f2d925ca;553633cdeb3247a2b4065f0f6ad08ac0;;0;;Maerchen_tuerk-Kopie;
c1e5ba7d823544c89f2075a9cf173ffb;553633cdeb3247a2b4065f0f6ad08ac0;;0;;Maerchen_arab-Kopie;
1fcfe467384d402fb499d0ae4486a7d9;553633cdeb3247a2b4065f0f6ad08ac0;;0;;Wildkatze-Kopie;
651e799dbc9843c0851d41374821ad48;553633cdeb3247a2b4065f0f6ad08ac0;;0;;Kaya_tuerk-Kopie;
3476d42ad9794dc1a874cff7881031a6;553633cdeb3247a2b4065f0f6ad08ac0;;0;;anadil-6-buch;
031643f3aec84d8d84e9413d60c4c485;553633cdeb3247a2b4065f0f6ad08ac0;;0;;anadil-6-buch58c11ee9cfb53;
3903665496fb4221b840800f538e3a2c;553633cdeb3247a2b4065f0f6ad08ac0;;0;;anadil-6-buch;
ea7c806588834c82b6926aea0fbe9486;553633cdeb3247a2b4065f0f6ad08ac0;;0;;anadil-6-buch58c11fae33355;
a6b0488332ce4efe82cf90c217fd9b12;553633cdeb3247a2b4065f0f6ad08ac0;;0;;anadil-6-buch58c11fde35504;
2c045d28a72e4db4b8fff2699d8f9d55;553633cdeb3247a2b4065f0f6ad08ac0;;0;;anadil-6-buch58c11ff05efad;
0e37b2d5231d4810a51ae96de7d93ae0;553633cdeb3247a2b4065f0f6ad08ac0;;0;;anadil-5-heft;
9bd81de0e50a442c960a3686b23e35a2;553633cdeb3247a2b4065f0f6ad08ac0;;0;;anadil-6-buch58c1204a0bda8;
bacbcd7379d74d7984a25445b0f9daa4;553633cdeb3247a2b4065f0f6ad08ac0;;0;;anadil-6-buch58c681b6752e6;
9d654b5c599f4ffcb8a867c0146c99da;553633cdeb3247a2b4065f0f6ad08ac0;;0;;anadil-6-buch58c681e6d9da4;
8702ba3bb9f84ff38a6d3a47ddb322d8;553633cdeb3247a2b4065f0f6ad08ac0;;0;;Rueck-CD4-1;
e0f0116e461e41e3b1183f8f9fd3e2bd;553633cdeb3247a2b4065f0f6ad08ac0;;0;;Rueck-CD6-1;
f80c2b4befca4a74af938c4737bf2f84;553633cdeb3247a2b4065f0f6ad08ac0;;0;;Rueck-CD5-1;
106093bc20b6475595ff41b6274477ab;553633cdeb3247a2b4065f0f6ad08ac0;;0;;kinder_cover;
b0452646993a4f178bc0a6e70962d5a4;553633cdeb3247a2b4065f0f6ad08ac0;;0;;okul_cover;
fbefb17fbaf342aca38f50024f3c6fbc;553633cdeb3247a2b4065f0f6ad08ac0;;0;;okul_cover590a460893d2d;
12e10317e2b6400fbbbebd1966df3d9a;553633cdeb3247a2b4065f0f6ad08ac0;;0;;kinder_cover590a461d84413;
b6b43a3bf33c4ae888f6a9385b6473bf;553633cdeb3247a2b4065f0f6ad08ac0;;0;;panda1;
b7d716901ed6499d97049b9ebd0ab6ab;553633cdeb3247a2b4065f0f6ad08ac0;;0;;panda1-calisma;
d1137d0fa25e43d898d5946ec3fcdfe1;553633cdeb3247a2b4065f0f6ad08ac0;;0;;keloglancdback;
6396e32e78aa4519bcb0df23d78d41cb;553633cdeb3247a2b4065f0f6ad08ac0;;0;;1592ea1b53f94e;
38529e775a4848a585765a466ab2ac7c;553633cdeb3247a2b4065f0f6ad08ac0;;0;;2592ea1d40a51f;
abd58f5f607a45bb9cf1d2d61dfd99e0;553633cdeb3247a2b4065f0f6ad08ac0;;0;;3592ea1eeee152;
a4794b8e932248a4bb292bad2c8de60b;553633cdeb3247a2b4065f0f6ad08ac0;;0;;4;
e7d39cae688348cba3c67192a06eb4aa;553633cdeb3247a2b4065f0f6ad08ac0;;0;;cover;
81b97ebe46d34237a9a6af33b071e887;553633cdeb3247a2b4065f0f6ad08ac0;;0;;der-kleine-prinz_rum;
fe9777af7af1454faa71e7678da4d080;553633cdeb3247a2b4065f0f6ad08ac0;;0;;der-kleine-prinz_pol;
1916c3b8ddb14ba6948440302eb7bfdf;553633cdeb3247a2b4065f0f6ad08ac0;;0;;der-kleine-prinz_kurd;
d4d4fc1c0ff04f29b11929856f51ed14;553633cdeb3247a2b4065f0f6ad08ac0;;0;;der-kleine-prinz_arab;
00894e38a15e44d69c04c4a24c0d37ca;553633cdeb3247a2b4065f0f6ad08ac0;;0;;der-kleine-prinz_tuerk;
2ac804f879e144ce879b7bd9be4e5514;553633cdeb3247a2b4065f0f6ad08ac0;;0;;Kinderbuch_Katalog-2018;
6dc0964f5d6745e3b9c4d05ec79b3ff9;553633cdeb3247a2b4065f0f6ad08ac0;;0;;Schulbuchkatalog2018-19cover;
c4e53e637072440cb9a064aab74e254e;553633cdeb3247a2b4065f0f6ad08ac0;;0;;oku-yaz-boya-cover-internet;
c5659232bad1408399ebc30df427a695;553633cdeb3247a2b4065f0f6ad08ac0;;0;;Schulbuchkatalog-2019-2020-Cover;
7226ac4c4344496191a2d39b75edf988;553633cdeb3247a2b4065f0f6ad08ac0;;0;;Kinderbuchkatalog-2019-2020-Cover;
9eae92f8d3a84ce199ff925e9b09127c;553633cdeb3247a2b4065f0f6ad08ac0;;0;;Kapaklar-Baski-1;
295e7bd0c3d147bd8d38968dafeeab7b;553633cdeb3247a2b4065f0f6ad08ac0;;0;;Kapaklar-Baski-2;
e53b2e01bb00410f992f617f843c2d69;553633cdeb3247a2b4065f0f6ad08ac0;;0;;Kapaklar-Baski-3;
1295a12d724d445e87597efb12850c4f;553633cdeb3247a2b4065f0f6ad08ac0;;0;;Kapaklar-Baski-4;
6274c0f0b7ce41cbb96a930467124301;553633cdeb3247a2b4065f0f6ad08ac0;;0;;oku-yaz-boya-2;
8ea795951d25446b921f1f193677dd9d;553633cdeb3247a2b4065f0f6ad08ac0;;0;;dee7e805-1874-424a-9ddf-bd9145752c91-or;
ca4075c3fa5743d28833b34a3ccfd17a;553633cdeb3247a2b4065f0f6ad08ac0;;0;;Cover-Lies-mal-3_A5_2020;
c370031fd34141ca8f18adb621505ee8;553633cdeb3247a2b4065f0f6ad08ac0;;0;;Cover-Lies-mal-3_A5_2020jtezIors7MyD2;
3178d2e1ba2b4c7c9b2faea5c37f44fe;553633cdeb3247a2b4065f0f6ad08ac0;;0;;Cover-Lies-mal-3_A5_2020GbRpcsBcA9fIU;
3298a4d5b1754e789ea70cb7652a9a50;553633cdeb3247a2b4065f0f6ad08ac0;;0;;24I8AKqyCY0EYOQ;
